devices, latency, power, osnr,,,,,
2,98,-237,172,8027,8005,0,0.000663535,0
2,98,-125,276,8027,8026,0,0.000936173,0
2,98,-138,259,8027,8027,0,0.001227025,0
2,97,-249,160,8027,5330,1,0.001430413,2
2,97,-226,175,8027,8026,0,0.001465149,0
2,97,-232,177,8027,8026,0,0.002089577,0
2,97,-210,199,8027,8027,0,0.002797846,0
2,97,-253,158,8027,3619,1,0.003304601,1
2,96,-145,260,8027,8026,0,0.003672948,0
2,97,-239,169,8027,8005,0,0.003966941,0
2,96,-246,156,8027,7805,0,0.004778375,0
2,97,-244,169,8027,7847,0,0.005765406,0
2,96,-136,272,8027,8027,0,0.007274147,0
2,96,-245,171,8027,7332,0,0.007756832,0
2,98,-249,157,8027,6191,1,0.007829084,2
2,97,-251,157,8027,2712,1,0.008973036,1
2,97,-245,158,8027,7550,0,0.009458891,0
2,96,-156,258,8027,8026,0,0.009701296,0
2,97,-184,226,8027,8026,0,0.01165812,0
2,96,-211,192,8027,8026,0,0.012529441,0
2,97,-245,170,8027,7794,0,0.012883719,0
2,96,-136,264,8027,8026,0,0.014666291,0
2,97,-254,157,8027,1846,1,0.015323815,1
2,97,-169,234,8027,8026,0,0.016160891,0
2,96,-130,278,8027,8026,0,0.017206226,0
2,96,-201,210,8027,8026,0,0.018254566,0
2,97,-245,153,8027,7712,0,0.019004224,0
2,96,-124,269,8027,8027,0,0.019307224,0
2,96,-236,162,8027,8018,0,0.01932457,0
2,98,-245,153,8027,7696,0,0.01976009,0
2,97,-156,242,8027,8026,0,0.020676671,0
2,97,-236,169,8027,8016,0,0.020774437,0
2,97,-118,273,8027,8026,0,0.020817398,0
2,97,-138,259,8027,8026,0,0.021965981,0
2,96,-191,216,8027,8027,0,0.023752145,0
2,97,-246,166,8027,7531,0,0.023904322,0
2,97,-156,258,8027,8026,0,0.026151821,0
2,97,-204,214,8027,8026,0,0.026539126,0
2,96,-245,155,8027,7343,0,0.027933489,0
2,97,-138,273,8027,8026,0,0.029300727,0
2,98,-253,149,8027,795,1,0.030374889,1
2,97,-166,253,8027,8027,0,0.030887976,0
2,96,-162,238,8027,8027,0,0.03267099,0
2,97,-242,178,8027,7706,0,0.033911944,0
2,96,-251,158,8027,6702,1,0.034022271,2
2,97,-238,185,8027,7999,0,0.034169266,0
2,98,-166,253,8027,8027,0,0.034913525,0
2,97,-249,167,8027,3062,1,0.035008821,1
2,96,-249,163,8027,7157,1,0.035127299,2
2,97,-236,172,8027,8017,0,0.035461188,0
2,97,-253,161,8027,426,1,0.035727986,1
2,97,-217,200,8027,8026,0,0.037058374,0
2,97,-245,159,8027,7323,0,0.037612405,0
2,96,-236,172,8027,8016,0,0.037883993,0
2,97,-151,246,8027,8026,0,0.038463914,0
2,96,-184,226,8027,8026,0,0.038672164,0
2,96,-251,173,8027,1717,1,0.03953441,1
2,97,-191,215,8027,8026,0,0.040567315,0
2,97,-255,144,8027,1838,1,0.040857483,1
2,97,-196,214,8027,8026,0,0.04125192,0
2,97,-188,203,8027,8026,0,0.042543327,0
2,98,-201,210,8027,8026,0,0.042611698,0
2,96,-243,166,8027,7905,0,0.04275993,0
2,97,-246,156,8027,7774,0,0.044142945,0
2,96,-249,157,8027,6191,1,0.044175005,2
2,97,-248,158,8027,7119,1,0.0443517,2
2,98,-150,249,8027,8026,0,0.045095028,0
2,97,-127,269,8027,8027,0,0.045836072,0
2,97,-131,275,8027,8026,0,0.047683915,0
2,97,-136,269,8027,8026,0,0.048929884,0
2,96,-204,214,8027,8026,0,0.04920802,0
2,97,-121,281,8027,8026,0,0.049965297,0
2,97,-232,180,8027,8026,0,0.050001857,0
2,97,-131,262,8027,8027,0,0.050315551,0
2,98,-142,259,8027,8027,0,0.051647,0
2,96,-254,153,8027,1575,1,0.051764742,1
2,96,-183,219,8027,8026,0,0.052168445,0
2,96,-242,167,8027,7948,0,0.054626215,0
2,97,-125,274,8027,8027,0,0.054876644,0
2,96,-202,209,8027,8026,0,0.055356813,0
2,96,-241,167,8027,7913,0,0.055495804,0
2,96,-239,168,8027,7999,0,0.055565268,0
2,96,-131,266,8027,8026,0,0.057393708,0
2,97,-240,168,8027,7960,0,0.057424733,0
2,96,-227,178,8027,8026,0,0.05796701,0
2,97,-167,234,8027,8026,0,0.058281919,0
2,96,-255,154,8027,1706,1,0.0593398,1
2,97,-249,157,8027,6176,1,0.059590577,2
2,98,-191,215,8027,8026,0,0.061011171,0
2,97,-249,165,8027,1946,1,0.061083505,1
2,97,-191,216,8027,8027,0,0.061180169,0
2,96,-188,203,8027,8027,0,0.06157187,0
2,97,-162,250,8027,8026,0,0.062099602,0
2,97,-244,157,8027,7709,0,0.062584698,0
2,97,-253,149,8027,426,1,0.063293887,1
2,97,-124,269,8027,8026,0,0.064079956,0
2,96,-115,276,8027,8026,0,0.065013034,0
2,97,-145,260,8027,8027,0,0.065434813,0
2,96,-177,246,8027,8027,0,0.065555128,0
2,96,-243,169,8027,7774,0,0.066133026,0
2,96,-210,199,8027,8026,0,0.066715811,0
2,98,-221,179,8027,8027,0,0.06697753,0
2,96,-245,159,8027,7265,0,0.067418458,0
2,96,-161,237,8027,8026,0,0.068065395,0
2,97,-175,228,8027,8027,0,0.068637768,0
2,97,-217,187,8027,8026,0,0.069175148,0
2,97,-247,168,8027,7227,0,0.070596414,0
2,96,-254,159,8027,829,1,0.070633891,1
2,96,-156,242,8027,8026,0,0.071183755,0
2,97,-115,276,8027,8027,0,0.071708081,0
2,98,-176,231,8027,8026,0,0.072552995,0
2,98,-202,209,8027,8026,0,0.073877305,0
2,97,-243,158,8027,7789,0,0.074751127,0
2,97,-147,256,8027,8027,0,0.074926913,0
2,96,-250,165,8027,6819,1,0.075202677,2
2,96,-169,234,8027,8026,0,0.075666748,0
2,97,-167,238,8027,8027,0,0.077602978,0
2,98,-243,166,8027,7920,0,0.07789361,0
2,97,-254,159,8027,829,1,0.078414842,1
2,97,-182,218,8027,8026,0,0.079526865,0
2,97,-252,161,8027,602,1,0.079656533,1
2,97,-221,179,8027,8026,0,0.07990367,0
2,96,-182,218,8027,8027,0,0.081024739,0
2,97,-222,183,8027,8026,0,0.082088273,0
2,97,-117,274,8027,8027,0,0.082722649,0
2,98,-255,154,8027,1314,1,0.083618253,1
2,96,-125,276,8027,8027,0,0.083865837,0
2,97,-120,267,8027,8026,0,0.086694386,0
2,97,-116,282,8027,8027,0,0.088397968,0
2,97,-248,166,8027,6176,1,0.088550079,2
2,96,-146,250,8027,8026,0,0.088778782,0
2,97,-211,192,8027,8026,0,0.088930624,0
2,96,-245,158,8027,7706,0,0.092537367,0
2,96,-125,274,8027,8026,0,0.092865319,0
2,97,-130,278,8027,8026,0,0.093538342,0
2,96,-206,203,8027,8026,0,0.094323138,0
2,97,-136,272,8027,8026,0,0.095958198,0
2,97,-181,219,8027,8026,0,0.096056051,0
2,97,-175,233,8027,8027,0,0.096777435,0
2,97,-125,276,8027,8027,0,0.097950535,0
2,98,-182,218,8027,8026,0,0.099262529,0
2,96,-253,168,8027,5504,1,0.099514553,2
2,98,-204,214,8027,8026,0,0.100369523,0
2,96,-251,157,8027,3193,1,0.102762797,1
2,97,-245,166,8027,7848,0,0.103965927,0
2,97,-237,172,8027,8001,0,0.105404223,0
2,97,-235,168,8027,8016,0,0.106367643,0
2,97,-241,161,8027,7963,0,0.107234973,0
2,96,-181,219,8027,8026,0,0.108637594,0
2,97,-144,256,8027,8027,0,0.109313311,0
2,96,-116,282,8027,8026,0,0.109458113,0
2,97,-176,231,8027,8026,0,0.110497712,0
2,97,-120,286,8027,8027,0,0.110993777,0
2,97,-177,246,8027,8026,0,0.111704393,0
2,97,-200,210,8027,8026,0,0.112327586,0
2,98,-223,186,8027,8026,0,0.113411227,0
2,98,-241,179,8027,7835,0,0.115568359,0
2,97,-227,178,8027,8026,0,0.117464861,0
2,98,-136,264,8027,8026,0,0.117658008,0
2,97,-239,168,8027,8002,0,0.11839402,0
2,97,-243,169,8027,7841,0,0.119425613,0
2,98,-116,282,8027,8026,0,0.121422723,0
2,98,-232,180,8027,8026,0,0.121543055,0
2,97,-250,165,8027,6771,1,0.12299166,2
2,96,-127,269,8027,8026,0,0.123694331,0
2,98,-117,274,8027,8026,0,0.123761277,0
2,96,-241,179,8027,7919,0,0.124154165,0
2,97,-245,155,8027,7527,0,0.126678968,0
2,96,-144,256,8027,8026,0,0.126680174,0
2,97,-165,241,8027,8026,0,0.127218612,0
2,96,-142,259,8027,8027,0,0.129457925,0
2,96,-241,161,8027,7958,0,0.132731271,0
2,97,-243,160,8027,7821,0,0.133072015,0
2,98,-118,273,8027,8026,0,0.133836754,0
2,96,-247,148,8027,7569,0,0.135036605,0
2,96,-242,178,8027,7859,0,0.135185577,0
2,96,-226,175,8027,8026,0,0.13662387,0
2,98,-131,266,8027,8026,0,0.137474894,0
2,97,-183,219,8027,8027,0,0.138783943,0
2,97,-193,210,8027,8026,0,0.14236224,0
2,97,-252,153,8027,6285,1,0.143465896,2
2,96,-245,166,8027,7834,0,0.145080103,0
2,96,-217,187,8027,8027,0,0.146635649,0
2,98,-131,275,8027,8026,0,0.14805299,0
2,97,-241,167,8027,7920,0,0.151385282,0
2,96,-237,165,8027,8018,0,0.152398097,0
2,96,-138,259,8027,8026,0,0.153816562,0
2,97,-249,159,8027,5330,1,0.154711336,2
2,97,-254,153,8027,1626,1,0.156529024,1
2,96,-147,256,8027,8026,0,0.159098987,0
2,98,-236,169,8027,8026,0,0.162349346,0
2,97,-146,250,8027,8026,0,0.164368676,0
2,97,-256,149,8027,369,1,0.164663838,1
2,96,-176,231,8027,8027,0,0.165430952,0
2,97,-247,148,8027,7569,0,0.166617838,0
2,96,-248,171,8027,7320,0,0.167634901,0
2,96,-243,158,8027,7577,0,0.168077188,0
2,97,-149,249,8027,8027,0,0.168347249,0
2,97,-201,210,8027,8026,0,0.168563392,0
2,96,-200,210,8027,8026,0,0.168578917,0
2,97,-242,167,8027,7953,0,0.17041978,0
2,98,-156,242,8027,8026,0,0.170897636,0
2,96,-118,273,8027,8026,0,0.171098197,0
2,97,-161,237,8027,8027,0,0.1749996,0
2,97,-223,186,8027,8026,0,0.177995824,0
2,96,-239,169,8027,8016,0,0.178885573,0
2,96,-131,275,8027,8026,0,0.180390242,0
2,97,-131,266,8027,8026,0,0.180468216,0
2,97,-202,209,8027,8026,0,0.180680337,0
2,96,-243,160,8027,7814,0,0.182086906,0
2,98,-239,169,8027,8005,0,0.182817873,0
2,96,-162,250,8027,8026,0,0.182982735,0
2,97,-248,171,8027,7300,0,0.183803465,0
2,96,-191,215,8027,8026,0,0.187262814,0
2,96,-253,161,8027,1633,1,0.188785801,1
2,96,-252,161,8027,426,1,0.189731771,1
2,98,-145,260,8027,8027,0,0.190772288,0
2,96,-254,157,8027,1929,1,0.192768133,1
2,98,-167,234,8027,8026,0,0.192878334,0
2,96,-150,249,8027,8026,0,0.194036162,0
2,97,-253,168,8027,5504,1,0.197492208,2
2,96,-131,262,8027,8027,0,0.197556322,0
2,97,-162,238,8027,8026,0,0.199303071,0
2,96,-193,210,8027,8027,0,0.199635114,0
2,97,-242,164,8027,7834,0,0.200767339,0
2,98,-243,160,8027,7834,0,0.202914069,0
2,98,-120,286,8027,8027,0,0.203139343,0
2,96,-253,149,8027,180,1,0.203276396,1
2,97,-136,264,8027,8027,0,0.205955561,0
2,96,-237,172,8027,8005,0,0.20788561,0
2,98,-188,203,8027,8026,0,0.210549491,0
2,97,-214,181,8027,8026,0,0.21185798,0
2,98,-235,168,8027,8016,0,0.214946556,0
2,96,-117,274,8027,8026,0,0.214971044,0
2,98,-245,171,8027,7332,0,0.215753804,0
2,98,-210,199,8027,8027,0,0.217061018,0
2,98,-227,178,8027,8026,0,0.217343515,0
2,98,-251,173,8027,1769,1,0.218128639,1
2,96,-165,241,8027,8026,0,0.218943669,0
2,98,-162,250,8027,8026,0,0.219089925,0
2,98,-240,168,8027,7962,0,0.219278012,0
2,96,-236,169,8027,8026,0,0.219562748,0
2,96,-120,286,8027,8026,0,0.219746033,0
2,96,-196,214,8027,8027,0,0.221711097,0
2,96,-252,153,8027,6021,1,0.221725484,2
2,96,-151,246,8027,8026,0,0.223216719,0
2,98,-239,168,8027,8001,0,0.225190348,0
2,98,-254,159,8027,1769,1,0.228581616,1
2,97,-236,162,8027,8017,0,0.233669624,0
2,98,-146,250,8027,8027,0,0.238659597,0
2,96,-232,180,8027,8026,0,0.241829794,0
2,97,-243,166,8027,7923,0,0.243656564,0
2,96,-245,153,8027,7696,0,0.251560271,0
2,96,-244,169,8027,7863,0,0.253541703,0
2,97,-206,203,8027,8027,0,0.25503425,0
2,96,-167,234,8027,8026,0,0.255362492,0
2,97,-142,259,8027,8026,0,0.257580149,0
2,98,-242,178,8027,7853,0,0.257911742,0
2,97,-251,158,8027,6680,1,0.259088609,2
2,98,-131,262,8027,8027,0,0.262354743,0
2,98,-249,167,8027,2427,1,0.266209705,1
2,96,-121,281,8027,8026,0,0.26735286,0
2,98,-254,157,8027,2953,1,0.268582546,1
2,97,-251,173,8027,1523,1,0.26915369,1
2,98,-251,158,8027,6678,1,0.27073979,2
2,97,-245,171,8027,7343,0,0.272225311,0
2,253,-244,169,8027,7853,0,0.272338005,0
2,96,-175,233,8027,8026,0,0.276813966,0
2,96,-236,168,8027,8017,0,0.283117794,0
2,98,-175,233,8027,8026,0,0.290102711,0
2,98,-138,273,8027,8027,0,0.29732502,0
2,98,-245,158,8027,7552,0,0.297736252,0
2,97,-255,154,8027,1314,1,0.304453871,1
2,96,-166,253,8027,8026,0,0.306407367,0
2,97,-241,179,8027,7919,0,0.310570706,0
2,96,-248,166,8027,6709,1,0.312859818,2
2,97,-237,165,8027,8016,0,0.314295479,0
2,97,-118,282,8027,8026,0,0.315472968,0
2,98,-232,177,8027,8026,0,0.322764555,0
2,96,-255,144,8027,963,1,0.32751918,1
2,98,-248,166,8027,6702,1,0.341667756,2
2,98,-161,237,8027,8027,0,0.344030989,0
2,98,-193,210,8027,8026,0,0.347052787,0
2,96,-253,158,8027,3619,1,0.347121503,1
2,98,-222,183,8027,8026,0,0.351568672,0
2,98,-156,258,8027,8026,0,0.352242146,0
2,97,-257,149,8027,311,1,0.354540922,1
2,96,-222,183,8027,8027,0,0.361038531,0
2,98,-252,161,8027,1838,1,0.365863003,1
2,97,-117,238,8027,8026,0,0.368806913,0
2,96,-248,158,8027,7168,1,0.373165503,2
2,98,-226,175,8027,8026,0,0.379307235,0
2,97,-257,150,8027,317,1,0.383310232,1
2,97,-249,163,8027,7176,1,0.387319701,2
2,98,-241,167,8027,7920,0,0.387647236,0
2,98,-245,166,8027,7848,0,0.39532342,0
2,98,-184,226,8027,8027,0,0.405409997,0
2,96,-235,168,8027,8017,0,0.426945432,0
2,98,-252,153,8027,6102,1,0.427613155,2
2,98,-252,149,8027,311,1,0.434777427,1
2,98,-136,272,8027,8027,0,0.435631271,0
2,98,-245,170,8027,7794,0,0.436173321,0
2,98,-162,238,8027,8026,0,0.440796849,0
2,97,-252,149,8027,311,1,0.440951598,1
2,96,-244,157,8027,7678,0,0.441460359,0
2,98,-248,171,8027,7316,0,0.445681294,0
2,96,-252,149,8027,311,1,0.445717335,1
2,98,-242,167,8027,7948,0,0.448087275,0
2,96,-138,273,8027,8026,0,0.453385457,0
2,96,-242,164,8027,7838,0,0.468856788,0
2,97,-150,249,8027,8026,0,0.469876711,0
2,98,-167,238,8027,8027,0,0.470182971,0
2,98,-236,162,8027,8018,0,0.47356942,0
2,98,-196,214,8027,8027,0,0.47474729,0
2,98,-149,249,8027,8027,0,0.476718781,0
2,98,-151,246,8027,8026,0,0.480000253,0
2,97,-258,150,8027,317,1,0.480509132,1
2,96,-249,159,8027,5227,1,0.487689954,2
2,98,-144,256,8027,8027,0,0.490313438,0
2,98,-127,269,8027,8027,0,0.507049026,0
2,98,-217,187,8027,8026,0,0.513800956,0
2,96,-136,269,8027,8026,0,0.520757944,0
2,96,-175,228,8027,8026,0,0.522046419,0
2,98,-243,169,8027,7836,0,0.528180409,0
2,96,-249,167,8027,3062,1,0.532308292,1
2,98,-200,210,8027,8026,0,0.533850664,0
2,96,-149,249,8027,8027,0,0.53830421,0
2,96,-217,200,8027,8026,0,0.546586355,0
2,98,-237,165,8027,8018,0,0.551281452,0
2,96,-120,267,8027,8026,0,0.551613659,0
2,96,-214,181,8027,8026,0,0.554735964,0
2,98,-214,181,8027,8026,0,0.560178996,0
2,98,-254,153,8027,1575,1,0.566755458,1
2,98,-125,274,8027,8026,0,0.566818276,0
2,96,-238,185,8027,7999,0,0.572139067,0
2,98,-243,158,8027,7810,0,0.578814012,0
2,97,-132,110,8027,3527,2,,1
2,97,-128,110,8027,4543,2,,2
2,98,-128,122,8027,4543,2,,2
2,98,-130,119,8027,4638,2,,2
2,99,-133,116,8027,4382,2,,2
2,97,-129,120,8027,5145,2,,2
2,98,-128,123,8027,5157,2,,2
2,98,-132,119,8027,5104,2,,2
2,98,-131,121,8027,5818,2,,2
2,97,-130,123,8027,5835,2,,2
2,98,-132,120,8027,5761,2,,2
2,98,-133,120,8027,5739,2,,2
2,98,-128,124,8027,6366,2,,2
2,98,-131,123,8027,6445,2,,2
2,98,-132,123,8027,6460,2,,2
2,97,-132,125,8027,6807,2,,2
2,99,-133,125,8027,6838,2,,2
2,99,-133,123,8027,6838,2,,2
2,98,-130,126,8027,7005,2,,2
2,97,-132,126,8027,6991,2,,2
2,98,-131,126,8027,6960,2,,2
2,98,-130,129,8027,7214,0,,0
2,98,-131,127,8027,7222,0,,0
2,97,-133,126,8027,7131,2,,0
2,98,-130,128,8027,7200,0,,0
2,97,-129,131,8027,7407,0,,0
2,97,-131,129,8027,7397,0,,0
2,99,-132,128,8027,7406,0,,0
2,99,-129,133,8027,7453,0,,0
2,98,-130,133,8027,7657,0,,0
2,98,-132,130,8027,7658,0,,0
2,98,-130,130,8027,7647,0,,0
2,97,-132,131,8027,7651,0,,0
2,98,-129,135,8027,7778,0,,0
2,98,-131,133,8027,7778,0,,0
2,97,-133,133,8027,7783,0,,0
2,98,-133,131,8027,7785,0,,0
2,97,-132,132,8027,7774,0,,0
2,97,-127,139,8027,7744,0,,0
2,98,-131,134,8027,7836,0,,0
2,98,-132,133,8027,7829,0,,0
2,98,-132,136,8027,7909,0,,0
2,97,-131,138,8027,7904,0,,0
2,98,-130,137,8027,7888,0,,0
2,97,-133,135,8027,7887,0,,0
2,98,-133,257,8027,7913,0,,0
2,98,-133,265,8027,8027,0,,0
2,98,-133,258,8027,8026,0,,0
2,98,-132,266,8027,8027,0,,0
2,97,-134,269,8027,8027,0,,0
2,97,-134,270,8027,8027,0,,0
2,98,-135,108,8027,1241,2,,2
2,97,-140,110,8027,1241,2,,2
2,97,-137,110,8027,4667,2,,2
2,97,-137,123,8027,4667,2,,2
2,98,-142,118,8027,4595,2,,2
2,97,-139,122,8027,4561,2,,2
2,98,-141,121,8027,5280,2,,2
2,97,-139,123,8027,5381,2,,2
2,98,-137,125,8027,5412,2,,2
2,97,-143,120,8027,5456,2,,2
2,98,-140,123,8027,5950,2,,2
2,97,-138,126,8027,5993,2,,2
2,98,-142,122,8027,5989,2,,2
2,98,-139,127,8027,6584,2,,2
2,98,-143,123,8027,6657,2,,2
2,98,-140,125,8027,6434,2,,2
2,98,-138,129,8027,6510,2,,2
2,97,-141,127,8027,7040,2,,2
2,98,-140,128,8027,6977,2,,2
2,98,-141,128,8027,6979,2,,2
2,98,-140,129,8027,6960,2,,2
2,98,-141,129,8027,6938,2,,2
2,98,-139,131,8027,7245,0,,0
2,98,-140,130,8027,7228,0,,0
2,98,-138,132,8027,7240,0,,0
2,98,-140,132,8027,7341,0,,0
2,98,-141,130,8027,7409,0,,0
2,98,-142,130,8027,7426,0,,0
2,97,-139,133,8027,7375,0,,0
2,98,-138,134,8027,7377,0,,0
2,98,-141,131,8027,7399,0,,0
2,99,-139,134,8027,7599,0,,0
2,97,-140,133,8027,7594,0,,0
2,97,-142,132,8027,7627,0,,0
2,97,-140,134,8027,7572,0,,0
2,97,-140,135,8027,7629,0,,0
2,97,-142,134,8027,7747,0,,0
2,97,-139,136,8027,7764,0,,0
2,99,-143,132,8027,7729,0,,0
2,97,-144,134,8027,7802,0,,0
2,97,-141,137,8027,7821,0,,0
2,98,-140,137,8027,7812,0,,0
2,97,-141,136,8027,7775,0,,0
2,98,-142,136,8027,7844,0,,0
2,97,-140,140,8027,7908,0,,0
2,98,-140,139,8027,7872,0,,0
2,97,-143,137,8027,7901,0,,0
2,98,-138,142,8027,7903,0,,0
2,98,-139,261,8027,8027,0,,0
2,99,-142,256,8027,8027,0,,0
2,97,-137,254,8027,8027,0,,0
2,98,-148,128,8027,1687,2,,1
2,99,-150,127,8027,4979,2,,2
2,98,-146,130,8027,4948,2,,2
2,98,-151,125,8027,5055,2,,2
2,98,-149,127,8027,4876,2,,2
2,98,-148,131,8027,5714,2,,2
2,98,-147,132,8027,5712,2,,2
2,97,-151,132,8027,5829,2,,2
2,98,-151,128,8027,5829,2,,2
2,97,-149,129,8027,5864,2,,2
2,98,-148,132,8027,5817,2,,2
2,98,-147,134,8027,6437,2,,2
2,98,-147,133,8027,6433,2,,2
2,98,-152,129,8027,6281,2,,2
2,98,-149,133,8027,6691,2,,2
2,98,-151,131,8027,6637,2,,2
2,97,-151,134,8027,6655,2,,2
2,98,-150,134,8027,7066,2,,2
2,98,-151,135,8027,7157,0,,0
2,98,-150,136,8027,7218,0,,0
2,99,-150,137,8027,7241,0,,0
2,98,-147,139,8027,7286,0,,0
2,97,-151,139,8027,7294,0,,0
2,97,-149,138,8027,7302,0,,0
2,98,-149,139,8027,7324,0,,0
2,98,-146,141,8027,7479,0,,0
2,98,-151,137,8027,7458,0,,0
2,99,-148,142,8027,7484,0,,0
2,99,-149,140,8027,7684,0,,0
2,97,-151,138,8027,7675,0,,0
2,98,-150,138,8027,7676,0,,0
2,97,-150,142,8027,7670,0,,0
2,97,-152,140,8027,7788,0,,0
2,98,-149,142,8027,7777,0,,0
2,99,-151,140,8027,7763,0,,0
2,98,-150,143,8027,7795,0,,0
2,97,-149,144,8027,7861,0,,0
2,98,-150,144,8027,7867,0,,0
2,98,-147,148,8027,7871,0,,0
2,98,-149,147,8027,7915,0,,0
2,98,-150,145,8027,7908,0,,0
2,98,-148,146,8027,7905,0,,0
2,98,-150,253,8027,8012,0,,0
2,99,-149,255,8027,8027,0,,0
2,98,-151,248,8027,8026,0,,0
2,98,-151,257,8027,8027,0,,0
2,98,-150,246,8027,8027,0,,0
2,97,-150,256,8027,8026,0,,0
2,98,-151,253,8027,8026,0,,0
2,97,-149,254,8027,8026,0,,0
2,98,-150,259,8027,8026,0,,0
2,99,-156,131,8027,5368,2,,2
2,98,-159,128,8027,5264,2,,2
2,98,-160,128,8027,5243,2,,2
2,97,-157,131,8027,5194,2,,2
2,98,-157,132,8027,5853,2,,2
2,98,-159,130,8027,6015,2,,2
2,97,-157,134,8027,5907,2,,2
2,97,-159,131,8027,5930,2,,2
2,98,-159,133,8027,5928,2,,2
2,99,-158,133,8027,6359,2,,2
2,98,-161,132,8027,6375,2,,2
2,99,-161,130,8027,6331,2,,2
2,98,-159,134,8027,6800,2,,2
2,98,-156,134,8027,6811,2,,2
2,99,-159,135,8027,6818,2,,2
2,97,-156,135,8027,6866,2,,2
2,97,-158,136,8027,7021,2,,2
2,98,-159,136,8027,7084,2,,2
2,97,-160,135,8027,7037,2,,2
2,98,-160,136,8027,7063,2,,2
2,98,-159,138,8027,7202,0,,0
2,98,-159,137,8027,7180,0,,0
2,98,-160,137,8027,7247,0,,0
2,98,-161,137,8027,7297,0,,0
2,99,-158,140,8027,7377,0,,0
2,97,-159,140,8027,7396,0,,0
2,98,-158,141,8027,7355,0,,0
2,97,-162,139,8027,7546,0,,0
2,98,-160,139,8027,7531,0,,0
2,98,-160,141,8027,7545,0,,0
2,98,-161,139,8027,7539,0,,0
2,97,-161,138,8027,7527,0,,0
2,98,-163,138,8027,7650,0,,0
2,98,-158,138,8027,7680,0,,0
2,98,-158,145,8027,7680,0,,0
2,97,-161,142,8027,7696,0,,0
2,98,-161,140,8027,7683,0,,0
2,99,-156,147,8027,7672,0,,0
2,97,-163,140,8027,7753,0,,0
2,98,-157,146,8027,7761,0,,0
2,99,-159,146,8027,7760,0,,0
2,98,-159,145,8027,7760,0,,0
2,97,-161,144,8027,7830,0,,0
2,99,-160,145,8027,7878,0,,0
2,97,-159,149,8027,7881,0,,0
2,98,-161,147,8027,7869,0,,0
2,98,-160,147,8027,7910,0,,0
2,98,-160,148,8027,7910,0,,0
2,98,-159,147,8027,7919,0,,0
2,97,-159,234,8027,8026,0,,0
2,98,-160,234,8027,8026,0,,0
2,98,-160,239,8027,8026,0,,0
2,98,-171,128,8027,4878,2,,2
2,98,-173,127,8027,4760,2,,2
2,97,-172,127,8027,5136,2,,2
2,98,-172,128,8027,5136,2,,2
2,98,-168,131,8027,4997,2,,2
2,97,-171,130,8027,5778,2,,2
2,97,-166,130,8027,5824,2,,2
2,97,-166,134,8027,5824,2,,2
2,98,-169,132,8027,5797,2,,2
2,98,-167,135,8027,5942,2,,2
2,97,-171,132,8027,6394,2,,2
2,99,-169,134,8027,6433,2,,2
2,98,-171,131,8027,6413,2,,2
2,98,-170,133,8027,6476,2,,2
2,98,-169,133,8027,6490,2,,2
2,99,-171,134,8027,6772,2,,2
2,97,-170,136,8027,6739,2,,2
2,98,-170,134,8027,6766,2,,2
2,97,-173,135,8027,7181,2,,0
2,98,-169,139,8027,7199,0,,0
2,98,-170,139,8027,7307,0,,0
2,97,-170,138,8027,7308,0,,0
2,97,-171,138,8027,7322,0,,0
2,98,-167,142,8027,7333,0,,0
2,97,-170,140,8027,7522,0,,0
2,97,-168,141,8027,7517,0,,0
2,97,-169,140,8027,7531,0,,0
2,97,-168,140,8027,7616,0,,0
2,98,-168,143,8027,7616,0,,0
2,98,-170,143,8027,7673,0,,0
2,98,-169,141,8027,7693,0,,0
2,98,-168,142,8027,7708,0,,0
2,98,-168,145,8027,7701,0,,0
2,97,-169,143,8027,7808,0,,0
2,97,-166,149,8027,7789,0,,0
2,98,-170,145,8027,7796,0,,0
2,98,-169,149,8027,7869,0,,0
2,99,-169,147,8027,7854,0,,0
2,98,-172,145,8027,7847,0,,0
2,98,-168,149,8027,7921,0,,0
2,97,-170,146,8027,7923,0,,0
2,98,-170,227,8027,8022,0,,0
2,98,-171,228,8027,8026,0,,0
2,98,-170,226,8027,8026,0,,0
2,97,-168,233,8027,8026,0,,0
2,97,-171,229,8027,8026,0,,0
2,98,-171,240,8027,8026,0,,0
2,98,-176,132,8027,5475,2,,2
2,97,-179,131,8027,5479,2,,2
2,97,-178,131,8027,5446,2,,2
2,97,-178,132,8027,5426,2,,2
2,98,-177,134,8027,5544,2,,2
2,98,-179,132,8027,5963,2,,2
2,99,-181,129,8027,5951,2,,2
2,98,-179,129,8027,6045,2,,2
2,98,-179,133,8027,6045,2,,2
2,97,-180,133,8027,6517,2,,2
2,97,-176,137,8027,6575,2,,2
2,98,-179,136,8027,6555,2,,2
2,98,-182,132,8027,6544,2,,2
2,98,-180,134,8027,6677,2,,2
2,98,-180,135,8027,6922,2,,2
2,98,-178,136,8027,6923,2,,2
2,98,-179,138,8027,7057,2,,2
2,97,-179,137,8027,7085,2,,2
2,99,-180,137,8027,7083,2,,2
2,97,-180,138,8027,7046,2,,2
2,97,-179,139,8027,7195,2,,0
2,97,-178,138,8027,7190,2,,0
2,98,-181,136,8027,7187,2,,2
2,97,-180,140,8027,7376,0,,0
2,98,-179,141,8027,7485,0,,0
2,97,-176,145,8027,7447,0,,0
2,98,-179,142,8027,7539,0,,0
2,97,-180,142,8027,7606,0,,0
2,98,-178,145,8027,7582,0,,0
2,97,-180,141,8027,7566,0,,0
2,98,-177,145,8027,7685,0,,0
2,97,-176,147,8027,7688,0,,0
2,98,-180,147,8027,7726,0,,0
2,98,-180,143,8027,7726,0,,0
2,97,-175,143,8027,7692,0,,0
2,98,-175,149,8027,7692,0,,0
2,97,-181,149,8027,7686,0,,0
2,98,-181,145,8027,7686,0,,0
2,97,-180,146,8027,7764,0,,0
2,98,-182,142,8027,7768,0,,0
2,98,-178,146,8027,7738,0,,0
2,97,-180,145,8027,7741,0,,0
2,98,-178,148,8027,7844,0,,0
2,97,-181,144,8027,7838,0,,0
2,99,-181,143,8027,7827,0,,0
2,98,-177,149,8027,7846,0,,0
2,98,-183,146,8027,7910,0,,0
2,98,-179,148,8027,7907,0,,0
2,98,-182,145,8027,7911,0,,0
2,98,-179,178,8027,7911,0,,0
2,98,-179,223,8027,8026,0,,0
2,97,-181,222,8027,8027,0,,0
2,98,-181,220,8027,8026,0,,0
2,98,-180,226,8027,8026,0,,0
2,98,-181,224,8027,8026,0,,0
2,99,-190,121,8027,3033,2,,1
2,98,-194,122,8027,1771,2,,1
2,97,-189,129,8027,3454,2,,1
2,98,-190,129,8027,4196,2,,2
2,98,-190,128,8027,4584,2,,2
2,97,-189,128,8027,4563,2,,2
2,98,-189,130,8027,4563,2,,2
2,98,-193,128,8027,4495,2,,2
2,97,-195,128,8027,4575,2,,2
2,98,-195,125,8027,4575,2,,2
2,98,-189,132,8027,4467,2,,2
2,98,-191,129,8027,5130,2,,2
2,98,-188,133,8027,5061,2,,2
2,97,-193,130,8027,5185,2,,2
2,97,-190,133,8027,5326,2,,2
2,98,-189,135,8027,5673,2,,2
2,98,-192,131,8027,5424,2,,2
2,98,-193,135,8027,5821,2,,2
2,97,-192,134,8027,5764,2,,2
2,98,-192,136,8027,5769,2,,2
2,98,-193,131,8027,5811,2,,2
2,98,-194,130,8027,6032,2,,2
2,98,-192,137,8027,6277,2,,2
2,98,-195,131,8027,6212,2,,2
2,98,-191,137,8027,6250,2,,2
2,98,-190,138,8027,6299,2,,2
2,98,-195,133,8027,6975,2,,2
2,98,-193,136,8027,6816,2,,2
2,99,-193,137,8027,6896,2,,2
2,98,-189,141,8027,6942,2,,2
2,98,-190,140,8027,6933,2,,2
2,97,-191,140,8027,6926,2,,2
2,97,-195,136,8027,7105,2,,2
2,97,-193,138,8027,7070,2,,2
2,98,-190,142,8027,7228,0,,0
2,98,-191,142,8027,7330,0,,0
2,98,-192,143,8027,7340,0,,0
2,98,-189,142,8027,7443,0,,0
2,99,-189,144,8027,7482,0,,0
2,98,-190,144,8027,7525,0,,0
2,97,-189,147,8027,7660,0,,0
2,98,-189,145,8027,7679,0,,0
2,98,-188,145,8027,7678,0,,0
2,98,-192,145,8027,7759,0,,0
2,98,-193,144,8027,7758,0,,0
2,99,-189,146,8027,7758,0,,0
2,98,-191,146,8027,7765,0,,0
2,98,-193,145,8027,7832,0,,0
2,98,-194,144,8027,7840,0,,0
2,98,-193,147,8027,7834,0,,0
2,98,-189,150,8027,7859,0,,0
2,98,-192,149,8027,7902,0,,0
2,98,-191,148,8027,7903,0,,0
2,97,-194,150,8027,7898,0,,0
2,98,-190,151,8027,7935,0,,0
2,98,-194,145,8027,7942,0,,0
2,98,-192,207,8027,7940,0,,0
2,98,-191,219,8027,7991,0,,0
2,98,-193,214,8027,8031,0,,0
2,99,-192,211,8027,8031,0,,0
2,97,-189,215,8027,8032,0,,0
2,97,-194,211,8027,8031,0,,0
2,97,-202,132,8027,5064,2,,2
2,97,-202,133,8027,5060,2,,2
2,97,-201,133,8027,4940,2,,2
2,99,-200,135,8027,4946,2,,2
2,97,-198,138,8027,5601,2,,2
2,98,-199,135,8027,5653,2,,2
2,98,-199,137,8027,5545,2,,2
2,98,-202,134,8027,5970,2,,2
2,98,-200,134,8027,6087,2,,2
2,98,-201,135,8027,5994,2,,2
2,97,-201,137,8027,6073,2,,2
2,97,-202,137,8027,5879,2,,2
2,98,-200,138,8027,6270,2,,2
2,98,-198,140,8027,6432,2,,2
2,98,-202,136,8027,6793,2,,2
2,98,-200,140,8027,6799,2,,2
2,97,-198,141,8027,6804,2,,2
2,98,-203,135,8027,6637,2,,2
2,97,-204,135,8027,6783,2,,2
2,98,-204,137,8027,6783,2,,2
2,98,-202,139,8027,6793,2,,2
2,99,-203,138,8027,6843,2,,2
2,97,-202,141,8027,7098,2,,2
2,98,-200,141,8027,7144,2,,2
2,98,-203,139,8027,7105,2,,2
2,98,-203,140,8027,7113,2,,2
2,99,-202,140,8027,7050,2,,2
2,97,-202,142,8027,7084,2,,2
2,97,-204,139,8027,7108,2,,2
2,99,-205,138,8027,7181,2,,2
2,98,-199,145,8027,7308,0,,0
2,98,-199,144,8027,7255,0,,0
2,98,-200,143,8027,7569,0,,0
2,98,-202,143,8027,7583,0,,0
2,98,-202,147,8027,7630,0,,0
2,97,-201,144,8027,7618,0,,0
2,97,-203,144,8027,7595,0,,0
2,98,-201,145,8027,7726,0,,0
2,97,-202,145,8027,7706,0,,0
2,98,-199,147,8027,7708,0,,0
2,98,-201,147,8027,7810,0,,0
2,98,-201,148,8027,7810,0,,0
2,98,-204,144,8027,7801,0,,0
2,98,-199,154,8027,7822,0,,0
2,98,-200,154,8027,7871,0,,0
2,97,-205,145,8027,7835,0,,0
2,98,-203,150,8027,7829,0,,0
2,97,-203,149,8027,7857,0,,0
2,98,-202,149,8027,7896,0,,0
2,97,-202,154,8027,7896,0,,0
2,98,-204,149,8027,7874,0,,0
2,97,-204,147,8027,7874,0,,0
2,98,-199,155,8027,7867,0,,0
2,97,-204,155,8027,7871,0,,0
2,98,-204,197,8027,7871,0,,0
2,97,-204,200,8027,8026,0,,0
2,99,-202,200,8027,8027,0,,0
2,97,-202,201,8027,8027,0,,0
2,98,-202,205,8027,8026,0,,0
2,98,-203,205,8027,8026,0,,0
2,99,-209,133,8027,2934,2,,1
2,98,-211,130,8027,3914,2,,2
2,98,-211,131,8027,3935,2,,2
2,99,-210,134,8027,4567,2,,2
2,97,-212,133,8027,4650,2,,2
2,98,-208,133,8027,4728,2,,2
2,97,-208,138,8027,4728,2,,2
2,97,-210,137,8027,5217,2,,2
2,98,-211,134,8027,5286,2,,2
2,98,-209,138,8027,5270,2,,2
2,97,-211,136,8027,5296,2,,2
2,99,-209,137,8027,5708,2,,2
2,99,-209,141,8027,5747,2,,2
2,98,-211,135,8027,5753,2,,2
2,97,-212,135,8027,5733,2,,2
2,98,-212,136,8027,6167,2,,2
2,98,-212,138,8027,6280,2,,2
2,98,-209,139,8027,6325,2,,2
2,98,-209,142,8027,6592,2,,2
2,99,-211,138,8027,6627,2,,2
2,97,-210,141,8027,6624,2,,2
2,97,-208,140,8027,6666,2,,2
2,99,-213,136,8027,6669,2,,2
2,97,-212,139,8027,6877,2,,2
2,97,-210,144,8027,6852,2,,2
2,98,-214,139,8027,6969,2,,2
2,97,-210,145,8027,7003,2,,2
2,97,-214,138,8027,6987,2,,2
2,98,-211,144,8027,6979,2,,2
2,97,-215,138,8027,7060,2,,2
2,98,-210,143,8027,7101,2,,2
2,98,-213,140,8027,7148,2,,2
2,97,-210,139,8027,7183,2,,2
2,99,-212,146,8027,7384,0,,0
2,98,-210,147,8027,7437,0,,0
2,98,-210,146,8027,7455,0,,0
2,97,-213,147,8027,7604,0,,0
2,97,-211,147,8027,7580,0,,0
2,97,-212,145,8027,7593,0,,0
2,97,-211,148,8027,7530,0,,0
2,98,-213,145,8027,7710,0,,0
2,98,-212,148,8027,7684,0,,0
2,99,-210,152,8027,7651,0,,0
2,98,-210,153,8027,7745,0,,0
2,99,-213,146,8027,7799,0,,0
2,98,-210,150,8027,7793,0,,0
2,97,-212,149,8027,7792,0,,0
2,98,-211,153,8027,7795,0,,0
2,97,-210,151,8027,7824,0,,0
2,98,-214,150,8027,7851,0,,0
2,98,-213,155,8027,7838,0,,0
2,98,-212,153,8027,7841,0,,0
2,97,-216,146,8027,7869,0,,0
2,99,-211,152,8027,7886,0,,0
2,99,-213,149,8027,7883,0,,0
2,98,-209,159,8027,7882,0,,0
2,97,-210,155,8027,7927,0,,0
2,98,-213,154,8027,7936,0,,0
2,98,-210,199,8027,7930,0,,0
2,99,-210,191,8027,7933,0,,0
2,97,-211,191,8027,8031,0,,0
2,98,-211,190,8027,8031,0,,0
2,98,-210,198,8027,8031,0,,0
2,99,-212,191,8027,8031,0,,0
2,97,-211,189,8027,8031,0,,0
2,97,-219,138,8027,4455,2,,2
2,97,-220,137,8027,3146,2,,1
2,98,-223,133,8027,4233,2,,2
2,97,-219,139,8027,4638,2,,2
2,98,-222,134,8027,5339,2,,2
2,98,-221,139,8027,5262,2,,2
2,98,-223,139,8027,5342,2,,2
2,98,-221,134,8027,5372,2,,2
2,97,-223,140,8027,5696,2,,2
2,98,-220,139,8027,5760,2,,2
2,97,-222,139,8027,5587,2,,2
2,98,-220,144,8027,5682,2,,2
2,98,-221,143,8027,6089,2,,2
2,99,-221,140,8027,6113,2,,2
2,97,-222,142,8027,6308,2,,2
2,98,-221,138,8027,6325,2,,2
2,99,-222,143,8027,6538,2,,2
2,97,-222,141,8027,6780,2,,2
2,98,-217,145,8027,6731,2,,2
2,98,-219,144,8027,6766,2,,2
2,98,-224,146,8027,7059,2,,2
2,98,-221,144,8027,7044,2,,2
2,99,-220,145,8027,7054,2,,2
2,98,-220,142,8027,7153,2,,2
2,97,-220,147,8027,7117,2,,2
2,99,-221,145,8027,7118,2,,2
2,97,-223,145,8027,7138,2,,2
2,98,-223,147,8027,7138,2,,2
2,98,-219,147,8027,7134,2,,2
2,97,-219,153,8027,7268,0,,0
2,98,-222,148,8027,7321,0,,0
2,98,-223,148,8027,7334,0,,0
2,97,-222,150,8027,7381,0,,0
2,97,-221,148,8027,7463,0,,0
2,98,-221,149,8027,7458,0,,0
2,98,-222,149,8027,7439,0,,0
2,97,-224,145,8027,7476,0,,0
2,98,-222,152,8027,7508,0,,0
2,97,-219,155,8027,7504,0,,0
2,98,-220,152,8027,7472,0,,0
2,98,-221,154,8027,7494,0,,0
2,97,-224,148,8027,7520,0,,0
2,97,-225,151,8027,7673,0,,0
2,98,-223,151,8027,7683,0,,0
2,97,-223,150,8027,7695,0,,0
2,97,-224,152,8027,7650,0,,0
2,97,-220,149,8027,7691,0,,0
2,98,-221,155,8027,7691,0,,0
2,97,-221,153,8027,7633,0,,0
2,98,-220,154,8027,7730,0,,0
2,98,-220,153,8027,7739,0,,0
2,98,-221,156,8027,7785,0,,0
2,98,-223,156,8027,7869,0,,0
2,97,-225,148,8027,7854,0,,0
2,97,-224,155,8027,7835,0,,0
2,97,-226,149,8027,7822,0,,0
2,99,-222,157,8027,7829,0,,0
2,98,-224,156,8027,7833,0,,0
2,97,-222,160,8027,7863,0,,0
2,99,-222,154,8027,7854,0,,0
2,97,-221,158,8027,7853,0,,0
2,97,-224,151,8027,7849,0,,0
2,97,-222,166,8027,7865,0,,0
2,98,-225,166,8027,7897,0,,0
2,97,-225,156,8027,7897,0,,0
2,98,-226,156,8027,7899,0,,0
2,98,-224,157,8027,7890,0,,0
2,99,-225,181,8027,7896,0,,0
2,98,-223,180,8027,7977,0,,0
2,97,-225,178,8027,8031,0,,0
2,97,-222,178,8027,8031,0,,0
2,98,-222,197,8027,8031,0,,0
2,98,-222,182,8027,8031,0,,0
2,99,-224,188,8027,8031,0,,0
2,98,-221,184,8027,8031,0,,0
2,99,-224,179,8027,8031,0,,0
2,98,-221,179,8027,8031,0,,0
2,98,-222,184,8027,8031,0,,0
2,98,-223,184,8027,8031,0,,0
2,97,-223,186,8027,8031,0,,0
2,97,-224,185,8027,8031,0,,0
2,98,-231,146,8027,5969,2,,2
2,97,-230,147,8027,5996,2,,2
2,97,-231,142,8027,5898,2,,2
2,99,-233,146,8027,6154,2,,2
2,98,-231,147,8027,6349,2,,2
2,98,-231,140,8027,6259,2,,2
2,98,-229,150,8027,6373,2,,2
2,98,-232,148,8027,6330,2,,2
2,98,-230,148,8027,6484,2,,2
2,98,-228,148,8027,6395,2,,2
2,97,-228,145,8027,6340,2,,2
2,98,-233,140,8027,6281,2,,2
2,98,-230,146,8027,6379,2,,2
2,98,-234,146,8027,6483,2,,2
2,98,-231,143,8027,5721,2,,2
2,97,-235,143,8027,5850,2,,2
2,98,-235,142,8027,5850,2,,2
2,98,-233,144,8027,5852,2,,2
2,98,-234,144,8027,5767,2,,2
2,98,-234,139,8027,5717,2,,2
2,97,-232,139,8027,5263,2,,2
2,97,-232,141,8027,5263,2,,2
2,97,-234,141,8027,5386,2,,2
2,97,-135,270,8427,8415,0,,0
2,31223,-131,267,8427,8415,4,,4
2,31796,-129,276,8427,8415,4,,4
2,97,-134,265,8427,8415,0,,0
2,30053,-131,272,8427,8415,4,,4
2,97,-131,274,8427,8415,0,,0
2,97,-131,269,8427,8415,0,,0
2,18123,-131,272,10227,9933,4,,4
2,30743,-131,268,10427,9936,4,,4
2,861,-133,270,10427,9936,4,,2
2,31389,-135,270,12027,9942,4,,4
2,30511,-133,275,12027,9942,4,,4
2,97,-133,260,12027,9942,0,,0
2,96,-133,275,8627,8600,0,,0
2,32117,-132,267,12027,9942,4,,4
2,29896,-134,274,12027,9942,4,,4
2,97,-133,271,12027,9942,0,,0
2,31112,-134,269,12027,9942,4,,4
2,31458,-133,265,12027,9942,4,,4
2,31862,-131,267,12027,9942,4,,4
2,96,-133,273,9027,8933,0,,0
2,3312,-134,266,9027,8933,4,,4
2,97,-131,272,9027,8933,0,,0
2,30271,-133,274,9027,8933,4,,4
2,97,-133,264,9027,8933,0,,0
2,31446,-134,259,9027,8933,4,,4
2,31314,-134,258,9027,8933,4,,4
2,31772,-134,259,12027,9942,4,,4
2,30858,-131,265,12027,9942,4,,4
2,96,-129,261,12027,9942,0,,0
2,30720,-131,274,12027,9942,4,,4
2,97,-129,278,12027,9942,0,,0
2,31244,-129,280,12027,9942,4,,4
2,31411,-131,267,12027,9942,4,,4
2,595,-133,276,12027,9942,4,,2
2,30484,-133,268,10827,9906,4,,4
2,31103,-133,268,10827,9906,4,,4
2,97,-133,275,10827,9906,0,,0
2,29895,-134,263,10827,9906,4,,4
2,96,-132,274,10827,9906,0,,0
2,30750,-133,261,10827,9906,4,,4
2,98,-134,269,8427,8415,0,,0
2,30231,-131,272,8427,8415,4,,4
2,98,-132,266,8427,8415,0,,0
2,97,-129,277,8427,8415,0,,0
2,31266,-133,274,8427,8415,4,,4
2,31603,-134,269,11227,9908,4,,4
2,31891,-131,267,11227,9908,4,,4
2,31016,-134,269,11427,9939,4,,4
2,97,-133,269,11427,9939,0,,0
2,31676,-131,267,11427,9939,4,,4
2,30717,-133,274,11427,9939,4,,4
2,29364,-134,263,11427,9939,4,,4
2,30005,-134,269,11427,9939,4,,4
2,32008,-134,269,11427,9939,4,,4
2,97,-132,274,9227,9193,0,,0
2,3467,-134,266,9227,9193,4,,4
2,29851,-133,268,9227,9193,4,,4
2,30779,-135,270,9227,9193,4,,4
2,96,-134,263,9227,9193,0,,0
2,31786,-129,276,9227,9193,4,,4
2,97,-133,272,9227,9193,0,,0
2,97,-131,270,9227,9193,0,,0
2,32164,-131,274,9227,9193,4,,4
2,97,-134,274,9227,9193,0,,0
2,31543,-133,265,11827,9941,4,,4
2,97,-132,266,11827,9941,0,,0
2,98,-133,272,11827,9941,0,,0
2,97,-132,271,9627,9440,0,,0
2,31157,-133,273,8227,8221,4,,4
2,97,-130,268,8227,8221,0,,0
2,30583,-131,268,8227,8221,4,,4
2,30414,-131,276,8227,8221,4,,4
2,31171,-131,276,8227,8221,4,,4
2,29791,-130,269,10427,9936,4,,4
2,29458,-132,269,10427,9936,4,,4
2,30991,-134,269,10427,9936,4,,4
2,29984,-131,265,10427,9936,4,,4
2,31241,-130,269,10427,9936,4,,4
2,98,-130,270,10427,9936,0,,0
2,31273,-129,280,10427,9936,4,,4
2,30503,-134,263,10427,9936,4,,4
2,30440,-134,269,10427,9936,4,,4
2,32051,-131,276,10427,9936,4,,4
2,29401,-132,264,10427,9936,4,,4
2,32208,-134,265,10427,9936,4,,4
2,30006,-129,276,10427,9936,4,,4
2,97,-132,261,10427,9936,0,,0
2,30510,-129,280,10427,9936,4,,4
2,30630,-131,265,10427,9936,4,,4
2,30924,-134,258,10427,9936,4,,4
2,96,-131,270,8227,8221,0,,0
2,31401,-132,259,8227,8221,4,,4
2,32070,-133,266,8227,8221,4,,4
2,31459,-134,270,11027,9938,4,,4
2,31121,-131,268,11027,9938,4,,4
2,96,-135,261,11027,9938,0,,0
2,31215,-133,274,11027,9938,4,,4
2,31626,-133,265,11627,9941,4,,4
2,31790,-133,259,11627,9941,4,,4
2,32022,-135,270,11627,9941,4,,4
2,98,-133,269,11627,9941,0,,0
2,96,-134,266,11627,9941,0,,0
2,97,-135,263,11627,9941,0,,0
2,96,-130,268,11627,9941,0,,0
2,96,-131,274,11627,9941,0,,0
2,30692,-129,280,11627,9941,4,,4
2,30713,-134,269,11627,9941,4,,4
2,31767,-131,267,11627,9941,4,,4
2,31819,-131,265,11627,9941,4,,4
2,30288,-135,270,11627,9941,4,,4
2,96,-130,273,9827,9777,0,,0
2,98,-131,270,9827,9777,0,,0
2,31620,-131,265,11227,9939,4,,4
2,31176,-133,265,11227,9939,4,,4
2,31655,-134,259,11227,9939,4,,4
2,31240,-131,272,11227,9939,4,,4
2,31783,-131,272,11227,9939,4,,4
2,31353,-134,265,8037,8036,4,,4
2,30865,-130,267,8037,8036,4,,4
2,30884,-133,265,8037,8036,4,,4
2,29769,-133,262,8037,8036,4,,4
2,29353,-130,269,8427,8410,4,,4
2,31690,-132,259,9827,9775,4,,4
2,96,-133,264,9827,9775,0,,0
2,96,-134,264,9827,9775,0,,0
2,97,-133,263,9827,9775,0,,0
2,31513,-130,267,9827,9775,4,,4
2,28902,-131,265,9827,9775,4,,4
2,97,-130,267,9827,9775,0,,0
2,97,-132,265,9827,9775,0,,0
2,31916,-133,266,9827,9775,4,,4
2,30077,-132,267,9827,9775,4,,4
2,31393,-130,267,9827,9775,4,,4
2,31593,-133,265,9827,9775,4,,4
2,30815,-134,267,9827,9775,4,,4
2,29801,-132,269,9827,9775,4,,4
2,96,-130,267,9827,9775,0,,0
2,31436,-134,269,11627,9833,4,,4
2,31372,-132,259,11627,9833,4,,4
2,31422,-131,274,11627,9940,4,,4
2,85224,-133,265,11627,9940,4,,4
2,31023,-134,265,11427,9940,4,,4
2,97,-129,273,11427,9940,0,,0
2,97,-130,270,11427,9940,0,,0
2,98,-133,263,11427,9940,0,,0
2,31805,-135,263,11427,9940,4,,4
2,31510,-133,268,11427,9940,4,,4
2,31800,-134,258,11227,9908,4,,4
2,31335,-133,274,11227,9908,4,,4
2,98,-129,261,8827,8739,0,,0
2,96,-133,270,8827,8739,0,,0
2,32124,-132,259,8827,8739,4,,4
2,97,-128,272,9027,8999,0,,0
2,30575,-134,265,11227,9939,4,,4
2,30974,-131,268,11227,9939,4,,4
2,97,-133,270,11227,9939,0,,0
2,30972,-135,269,11227,9939,4,,4
2,98,-129,277,11227,9939,0,,0
2,31670,-134,270,11227,9939,4,,4
2,97,-132,276,11227,9939,0,,0
2,30652,-133,274,11227,9939,4,,4
2,97,-135,261,9627,9547,0,,0
2,98,-135,261,9627,9547,0,,0
2,30445,-131,274,8427,8350,4,,4
2,31394,-131,267,8427,8350,4,,4
2,31237,-134,259,8427,8350,4,,4
2,31718,-131,269,8427,8350,4,,4
2,97,-129,272,8427,8350,0,,0
2,30558,-131,265,8427,8350,4,,4
2,30765,-134,258,8427,8350,4,,4
2,29433,-132,267,9427,9387,4,,4
2,29666,-134,274,10627,9937,4,,4
2,62858,-133,265,11827,9941,4,,4
2,31426,-133,275,11827,9941,4,,4
2,31077,-131,269,11827,9941,4,,4
2,30851,-131,264,11827,9941,4,,4
2,97,-130,273,11827,9941,0,,0
2,31212,-136,266,11827,9941,4,,4
2,30069,-133,268,11827,9941,4,,4
2,30234,-134,265,11827,9941,4,,4
2,96,-133,269,11827,9941,0,,0
2,30135,-136,266,11827,9941,4,,4
2,96,-129,273,9827,9777,0,,0
2,96,-133,263,9827,9777,0,,0
2,96,-134,265,9827,9777,0,,0
2,29717,-133,268,9627,9547,4,,4
2,30641,-132,264,10627,9937,4,,4
2,30771,-131,265,10627,9937,4,,4
2,30503,-132,267,11827,9898,4,,4
2,29395,-133,261,8427,8415,4,,4
2,30648,-134,259,8427,8415,4,,4
2,30649,-132,259,8427,8415,4,,4
2,30656,-132,269,8427,8415,4,,4
2,31367,-129,277,8427,8415,4,,4
2,31411,-131,276,8427,8415,4,,4
2,31232,-131,268,10627,9851,4,,4
2,31158,-133,274,10827,9906,4,,4
2,31290,-131,264,11027,9938,4,,4
2,31631,-131,264,11027,9938,4,,4
2,30248,-136,266,11027,9938,4,,4
2,31575,-133,262,10827,9906,4,,4
2,30484,-135,269,10827,9906,4,,4
2,30611,-131,265,8627,8600,4,,4
2,97,-133,273,8627,8600,0,,0
2,30803,-134,267,8627,8600,4,,4
2,31590,-131,267,8627,8600,4,,4
2,31230,-134,274,8627,8600,4,,4
2,30808,-132,264,8627,8600,4,,4
2,96,-133,271,8627,8600,0,,0
2,30819,-130,267,8627,8600,4,,4
2,31575,-133,266,8627,8600,4,,4
2,98,-134,274,8627,8600,0,,0
2,98,-133,273,8627,8600,0,,0
2,98,-130,263,8627,8600,0,,0
2,30852,-134,274,10827,9906,4,,4
2,31383,-131,272,11227,9939,4,,4
2,31361,-133,265,11227,9939,4,,4
2,13975,-134,258,11227,9939,4,,4
2,31459,-133,265,11227,9939,4,,4
2,97,-132,281,11227,9939,0,,0
2,31150,-130,267,11227,9939,4,,4
2,31640,-131,268,11827,9941,4,,4
2,31131,-131,264,11827,9941,4,,4
2,96,-132,265,9227,9193,0,,0
2,30953,-129,277,9227,9193,4,,4
2,96,-131,267,9227,9193,0,,0
2,30191,-132,266,9227,9193,4,,4
2,98,-133,264,9427,9320,0,,0
2,96,-132,261,9427,9320,0,,0
2,30272,-133,261,9427,9320,4,,4
2,31073,-134,269,9427,9320,4,,4
2,30525,-131,272,9427,9320,4,,4
2,30379,-134,263,9227,9193,4,,4
2,29422,-132,267,9227,9193,4,,4
2,31876,-133,266,9227,9193,4,,4
2,30634,-131,272,11427,9940,4,,4
2,29321,-132,266,10627,9851,4,,4
2,31492,-134,265,11627,9940,4,,4
2,30823,-132,259,11627,9940,4,,4
2,96,-129,278,11627,9940,0,,0
2,30016,-133,276,10227,9882,4,,4
2,31607,-134,265,10227,9882,4,,4
2,98,-132,261,8827,8805,0,,0
2,31960,-134,258,8827,8805,4,,4
2,31234,-134,258,8827,8805,4,,4
2,31601,-131,265,8827,8805,4,,4
2,31753,-131,265,8827,8805,4,,4
2,31358,-134,274,10627,9937,4,,4
2,97,-134,263,8427,8410,0,,0
2,29751,-130,269,8427,8410,4,,4
2,96,-130,265,8427,8410,0,,0
2,31763,-134,258,8427,8410,4,,4
2,97,-133,259,8427,8410,0,,0
2,30441,-133,265,8427,8410,4,,4
2,30594,-133,274,8427,8410,4,,4
2,98,-132,274,8427,8410,0,,0
2,97,-129,261,8427,8410,0,,0
2,98,-132,276,8627,8611,0,,0
2,97,-134,269,8427,8350,0,,0
2,31095,-134,269,8427,8350,4,,4
2,30800,-133,265,8427,8350,4,,4
2,1696,-131,272,8427,8350,4,,4
2,97,-134,264,8427,8350,0,,0
2,31839,-130,267,8427,8410,4,,4
2,32099,-129,280,8427,8410,4,,4
2,97,-131,267,8427,8410,0,,0
2,31822,-135,266,8427,8410,4,,4
2,13036,-134,266,8427,8410,4,,4
2,31313,-131,269,11427,9939,4,,4
2,98,-134,265,8827,8739,0,,0
2,30928,-135,266,11027,9938,4,,4
2,30155,-133,274,11027,9938,4,,4
2,96,-130,270,9627,9581,0,,0
2,31791,-129,280,11827,9898,4,,4
2,30728,-131,274,11827,9898,4,,4
2,98,-129,273,11827,9898,0,,0
2,30850,-135,263,11827,9898,4,,4
2,29568,-130,268,10227,9935,4,,4
2,96,-133,272,10227,9935,0,,0
2,30284,-134,269,10427,9936,4,,4
2,16545,-134,266,10427,9936,4,,4
2,98,-132,264,10427,9936,0,,0
2,30789,-134,265,10427,9936,4,,4
2,96,-131,272,10427,9936,0,,0
2,31885,-131,268,10427,9936,4,,4
2,96,-135,270,9027,8933,0,,0
2,30274,-132,267,9027,8933,4,,4
2,31302,-129,276,9027,8933,4,,4
2,97,-130,263,9627,9547,0,,0
2,31108,-133,266,9627,9547,4,,4
2,97,-131,276,8037,8036,0,,0
2,31139,-134,265,9227,9106,4,,4
2,31017,-131,267,8627,8600,4,,4
2,32019,-134,259,9027,8999,4,,4
2,31429,-134,258,9027,8999,4,,4
2,30947,-130,269,9027,8999,4,,4
2,30052,-132,264,9027,8999,4,,4
2,3186,-129,285,9027,8999,4,,4
2,29349,-133,261,8827,8804,4,,4
2,31757,-133,266,8827,8804,4,,4
2,31324,-134,270,8827,8804,4,,4
2,30427,-134,258,8827,8804,4,,4
2,31772,-135,269,11627,9833,4,,4
2,30549,-133,273,11827,9941,4,,4
2,31031,-131,268,11827,9941,4,,4
2,3689,-134,266,11827,9941,4,,4
2,30488,-133,265,11627,9940,4,,4
2,32005,-134,265,11627,9940,4,,4
2,31358,-133,262,11627,9940,4,,4
2,31381,-133,262,10627,9937,4,,4
2,96,-131,269,10627,9937,0,,0
2,29569,-134,263,10627,9937,4,,4
2,32048,-134,258,10627,9937,4,,4
2,31358,-134,269,10627,9937,4,,4
2,30415,-135,269,10627,9937,4,,4
2,7365,-133,276,9827,9709,4,,4
2,29573,-132,267,9827,9709,4,,4
2,29710,-131,265,8827,8805,4,,4
2,29995,-133,268,8827,8805,4,,4
2,98,-130,268,8827,8805,0,,0
2,98,-128,272,8827,8805,0,,0
2,30880,-129,277,8827,8805,4,,4
2,98,-134,263,8827,8805,0,,0
2,30667,-132,269,8827,8805,4,,4
2,29682,-131,265,8827,8805,4,,4
2,29765,-134,267,8827,8805,4,,4
2,31135,-134,259,8827,8805,4,,4
2,31587,-131,268,8827,8805,4,,4
2,31459,-131,274,9427,9386,4,,4
2,31040,-129,280,9427,9386,4,,4
2,31793,-131,267,9427,9386,4,,4
2,30116,-133,262,9427,9386,4,,4
2,96,-128,272,9427,9386,0,,0
2,5980,-129,285,9427,9386,4,,4
2,30804,-131,274,9427,9386,4,,4
2,30808,-135,270,9427,9386,4,,4
2,29716,-134,274,9427,9386,4,,4
2,97,-134,266,9427,9386,0,,0
2,449,-134,266,9427,9386,4,,0
2,30493,-134,269,9427,9386,4,,4
2,97,-132,277,9427,9386,0,,0
2,29631,-130,269,9427,9386,4,,4
2,31172,-130,267,8827,8804,4,,4
2,29546,-131,265,8827,8804,4,,4
2,413,-133,270,10027,9902,4,,0
2,31267,-133,265,8827,8805,4,,4
2,30158,-131,268,8827,8805,4,,4
2,31038,-131,272,8827,8805,4,,4
2,30924,-131,269,8827,8805,4,,4
2,31789,-133,265,8827,8805,4,,4
2,31602,-135,270,9627,9581,4,,4
2,30822,-134,258,9627,9547,4,,4
2,30525,-134,263,9627,9547,4,,4
2,30627,-133,266,11627,9940,4,,4
2,30698,-129,276,11627,9940,4,,4
2,29409,-133,261,11627,9940,4,,4
2,29576,-131,265,10427,9936,4,,4
2,30855,-133,262,10427,9936,4,,4
2,31194,-135,267,11627,9940,4,,4
2,31234,-131,265,11027,9938,4,,4
2,31059,-131,267,11027,9938,4,,4
2,30798,-133,268,11027,9938,4,,4
2,30606,-135,263,11027,9938,4,,4
2,96,-132,266,11027,9938,0,,0
2,3198,-134,266,11027,9938,4,,4
2,30397,-135,266,10827,9937,4,,4
2,31273,-129,277,10827,9937,4,,4
2,31298,-133,265,10827,9937,4,,4
2,31245,-133,259,10827,9937,4,,4
2,30481,-133,265,10827,9937,4,,4
2,29557,-134,263,9027,8933,4,,4
2,96,-129,272,9027,8933,0,,0
2,30777,-134,270,9027,8933,4,,4
2,12920,-134,266,10227,9933,4,,4
2,30844,-129,276,10227,9933,4,,4
2,31100,-134,265,10227,9933,4,,4
2,31888,-131,274,10227,9933,4,,4
2,30045,-134,274,10227,9933,4,,4
2,30145,-132,266,10227,9933,4,,4
2,30888,-131,269,8037,8036,4,,4
2,30047,-134,263,10427,9936,4,,4
2,2803,-129,285,10227,9933,4,,4
2,1839,-131,267,10027,9902,4,,4
2,31150,-129,276,9427,9320,4,,4
2,98,-135,270,9427,9320,0,,0
2,31389,-135,263,9427,9320,4,,4
2,30077,-134,263,10427,9936,4,,4
2,32059,-131,276,10427,9936,4,,4
2,31085,-131,269,10427,9936,4,,4
2,31265,-134,269,10427,9936,4,,4
2,30242,-131,268,10427,9936,4,,4
2,30375,-133,265,10427,9936,4,,4
2,30895,-132,269,10427,9936,4,,4
2,30856,-134,265,10427,9936,4,,4
2,30496,-135,270,10427,9936,4,,4
2,30544,-132,264,10427,9936,4,,4
2,31058,-131,269,10427,9936,4,,4
2,32046,-134,259,12027,9942,4,,4
2,30575,-131,272,12027,9942,4,,4
2,97,-132,264,12027,9942,0,,0
2,98,-129,272,12027,9942,0,,0
2,28921,-130,268,12027,9942,4,,4
2,30208,-133,261,12027,9942,4,,4
2,30077,-135,266,8827,8739,4,,4
2,29483,-132,269,8827,8739,4,,4
2,30695,-135,269,8827,8739,4,,4
2,31172,-132,267,8827,8739,4,,4
2,98,-133,270,8827,8739,0,,0
2,31971,-135,263,8827,8739,4,,4
2,30920,-134,259,8827,8739,4,,4
2,31902,-133,273,9427,9320,4,,4
2,30045,-134,269,9427,9320,4,,4
2,30968,-129,277,11827,9898,4,,4
2,30274,-133,265,11827,9898,4,,4
2,1020,-134,264,11827,9898,4,,2
2,30347,-135,269,11827,9898,4,,4
2,29962,-129,285,11827,9898,4,,4
2,31473,-131,272,11227,9939,4,,4
2,31200,-132,264,11227,9939,4,,4
2,30460,-130,268,11227,9939,4,,4
2,30501,-132,267,10227,9882,4,,4
2,30260,-134,267,10227,9882,4,,4
2,30608,-134,259,8427,8415,4,,4
2,30215,-133,261,10427,9936,4,,4
2,96,-132,281,8627,8611,0,,0
2,30797,-130,268,8627,8611,4,,4
2,31774,-134,269,11427,9940,4,,4
2,31433,-133,275,11427,9940,4,,4
2,31306,-133,273,9827,9777,4,,4
2,30648,-134,267,10827,9937,4,,4
2,30727,-132,269,10427,9936,4,,4
2,30205,-135,263,11627,9833,4,,4
2,32063,-135,269,11627,9833,4,,4
2,31586,-129,276,11627,9833,4,,4
2,29921,-131,264,11027,9938,4,,4
2,54022,-130,268,11027,9938,4,,4
2,30481,-133,268,11027,9938,4,,4
2,16984,-129,277,11027,9938,4,,4
2,98,-133,275,8827,8739,0,,0
2,98,-133,260,8827,8739,0,,0
2,98,-130,267,8827,8739,0,,0
2,13444,-134,266,8827,8739,4,,4
2,31036,-133,265,8827,8739,4,,4
2,4580,-131,272,8827,8739,4,,4
2,31352,-133,259,8827,8739,4,,4
2,31074,-131,264,9627,9440,4,,4
2,29289,-133,276,9627,9440,4,,4
2,31775,-133,259,9627,9440,4,,4
2,31837,-131,268,9627,9440,4,,4
2,30033,-133,268,9627,9440,4,,4
2,606,-134,266,10227,9933,4,,2
2,30220,-132,269,10227,9933,4,,4
2,37705,-134,259,10227,9933,4,,4
2,30557,-130,268,10227,9933,4,,4
2,31191,-131,267,10227,9933,4,,4
2,30801,-131,264,9427,9386,4,,4
2,29634,-132,269,9427,9386,4,,4
2,32109,-135,270,9427,9386,4,,4
2,29775,-132,266,9427,9386,4,,4
2,96,-132,264,9427,9320,0,,0
2,30605,-133,273,9027,8999,4,,4
2,29569,-134,274,9027,8999,4,,4
2,30561,-132,264,10627,9937,4,,4
2,30790,-134,270,10627,9937,4,,4
2,31244,-133,274,10627,9937,4,,4
2,96,-129,277,9227,9106,0,,0
2,30740,-134,265,9227,9106,4,,4
2,30331,-132,269,10627,9851,4,,4
2,30303,-131,267,10627,9851,4,,4
2,30030,-134,269,9427,9387,4,,4
2,7241,-133,276,9427,9387,4,,4
2,30533,-133,262,10627,9937,4,,4
2,30996,-135,270,10027,9877,4,,4
2,31858,-134,269,10027,9877,4,,4
2,30957,-131,269,11427,9940,4,,4
2,31765,-133,273,12027,9942,4,,4
2,31938,-132,259,11227,9939,4,,4
2,30746,-134,259,11227,9939,4,,4
2,98,-133,268,8827,8739,0,,0
2,31112,-133,274,11027,9938,4,,4
2,98,-131,267,11027,9938,0,,0
2,30709,-132,264,11027,9938,4,,4
2,31110,-133,268,11027,9938,4,,4
2,32088,-133,266,11427,9940,4,,4
2,30517,-129,280,11827,9941,4,,4
2,31659,-131,264,11827,9941,4,,4
2,30721,-134,263,11827,9941,4,,4
2,30691,-130,269,10427,9936,4,,4
2,30364,-132,267,10427,9936,4,,4
2,31906,-134,258,8827,8804,4,,4
2,31732,-133,259,12027,9942,4,,4
2,31433,-133,273,12027,9942,4,,4
2,30619,-134,274,12027,9942,4,,4
2,31496,-132,269,8227,8150,4,,4
2,31564,-135,269,11627,9941,4,,4
2,30630,-134,265,11227,9908,4,,4
2,30849,-134,274,11227,9908,4,,4
2,31477,-129,277,11227,9908,4,,4
2,31699,-131,272,11427,9939,4,,4
2,31844,-133,259,11427,9939,4,,4
2,31059,-131,265,11427,9939,4,,4
2,32019,-134,265,11427,9939,4,,4
2,29782,-130,269,11427,9939,4,,4
2,32101,-134,264,11427,9939,4,,4
2,30758,-131,272,11427,9939,4,,4
2,30179,-135,269,11827,9941,4,,4
2,30746,-131,274,11827,9941,4,,4
2,31863,-133,265,11827,9941,4,,4
2,30269,-131,265,11827,9941,4,,4
2,29790,-132,264,11827,9941,4,,4
2,31701,-133,268,10827,9906,4,,4
2,31652,-133,265,10827,9906,4,,4
2,591,-133,276,10827,9906,4,,2
2,96,-133,260,10827,9906,0,,0
2,8620,-134,264,10227,9933,4,,4
2,30429,-134,258,11227,9939,4,,4
2,31179,-132,267,11227,9939,4,,4
2,30947,-134,270,10827,9938,4,,4
2,30278,-133,268,10827,9938,4,,4
2,31171,-134,270,10827,9938,4,,4
2,31469,-131,274,8827,8804,4,,4
2,31312,-129,276,8827,8804,4,,4
2,30739,-131,267,11427,9939,4,,4
2,30357,-133,273,11427,9939,4,,4
2,1669,-134,264,10027,9805,4,,4
2,31986,-133,265,10027,9805,4,,4
2,98,-132,265,9427,9387,0,,0
2,30434,-133,265,9427,9387,4,,4
2,31870,-134,270,11027,9938,4,,4
2,30136,-134,267,11027,9938,4,,4
2,30771,-135,263,10027,9877,4,,4
2,30724,-132,266,10027,9877,4,,4
2,32033,-133,265,12027,9942,4,,4
2,30660,-134,265,12027,9942,4,,4
2,30125,-134,270,10827,9937,4,,4
2,4769,-134,266,10827,9937,4,,4
2,30648,-133,266,10827,9937,4,,4
2,31826,-129,280,10827,9937,4,,4
2,31276,-133,259,10827,9937,4,,4
2,29967,-132,266,10827,9937,4,,4
2,29056,-132,267,10227,9935,4,,4
2,31142,-132,266,10227,9935,4,,4
2,32097,-135,263,10227,9935,4,,4
2,30504,-133,265,10227,9935,4,,4
2,30332,-134,265,10227,9935,4,,4
2,30510,-130,268,10227,9882,4,,4
2,6013,-134,266,10027,9805,4,,4
2,2870,-131,267,10027,9805,4,,4
2,31903,-133,275,10027,9805,4,,4
2,30575,-135,269,10027,9805,4,,4
2,3369,-131,272,10027,9805,4,,4
2,30506,-134,258,10027,9805,4,,4
2,3151,-134,269,9227,9193,4,,4
2,30434,-132,267,9227,9193,4,,4
2,30950,-133,265,9227,9193,4,,4
2,31994,-130,267,11227,9908,4,,4
2,30061,-132,269,9827,9777,4,,4
2,31227,-133,265,8427,8415,4,,4
2,96,-135,263,8427,8415,0,,0
2,31124,-134,274,8427,8415,4,,4
2,32323,-134,265,8427,8415,4,,4
2,31081,-135,263,11627,9941,4,,4
2,31582,-134,267,11627,9941,4,,4
2,31121,-133,274,10827,9938,4,,4
2,30957,-132,267,10827,9938,4,,4
2,31586,-131,264,10827,9938,4,,4
2,3838,-134,266,10027,9902,4,,4
2,31263,-134,259,10027,9902,4,,4
2,31469,-135,269,10027,9902,4,,4
2,29722,-130,268,10027,9902,4,,4
2,29139,-130,269,8227,8150,4,,4
2,30502,-134,269,8227,8150,4,,4
2,30448,-135,263,8227,8150,4,,4
2,31565,-133,265,11627,9833,4,,4
2,30341,-133,268,11627,9833,4,,4
2,29655,-131,265,11627,9833,4,,4
2,30440,-133,273,11627,9833,4,,4
2,31586,-133,268,11627,9833,4,,4
2,30983,-131,269,11627,9833,4,,4
2,31960,-131,272,11627,9833,4,,4
2,30333,-130,267,11627,9833,4,,4
2,31066,-134,270,11627,9833,4,,4
2,31650,-133,262,11627,9833,4,,4
2,32143,-134,265,11627,9833,4,,4
2,31488,-131,269,11627,9833,4,,4
2,96,-130,263,11627,9833,0,,0
2,29812,-132,267,9027,8995,4,,4
2,31583,-131,268,9027,8995,4,,4
2,30595,-130,267,9027,8995,4,,4
2,30903,-129,276,11027,9938,4,,4
2,30230,-133,273,11027,9938,4,,4
2,30238,-131,274,11427,9940,4,,4
2,31222,-136,266,11427,9940,4,,4
2,31135,-131,268,12027,9942,4,,4
2,30961,-134,259,12027,9942,4,,4
2,31469,-132,269,9627,9547,4,,4
2,31365,-131,267,11427,9940,4,,4
2,31307,-134,274,10827,9938,4,,4
2,29710,-133,262,10827,9938,4,,4
2,96,-133,265,8037,8036,0,,0
2,98,-131,269,8037,8036,0,,0
2,17181,-134,266,10027,9902,4,,4
2,98,-134,264,10027,9902,0,,0
2,31880,-133,266,10027,9902,4,,4
2,3009,-133,276,10027,9902,4,,4
2,31152,-134,258,10027,9902,4,,4
2,30246,-134,258,10027,9902,4,,4
2,98,-131,272,10027,9902,0,,0
2,31131,-134,265,9227,9193,4,,4
2,31245,-135,266,9227,9193,4,,4
2,96,-134,274,9027,8999,0,,0
2,1072,-133,267,9027,8999,4,,4
2,16047,-134,266,9027,8999,4,,4
2,31862,-131,268,9027,8999,4,,4
2,97,-133,276,10227,9933,0,,0
2,30346,-132,266,10227,9933,4,,4
2,1653,-133,276,10227,9933,4,,4
2,28845,-131,265,10427,9936,4,,4
2,30866,-133,265,10427,9936,4,,4
2,30024,-134,270,10427,9936,4,,4
2,30532,-132,266,10627,9937,4,,4
2,31284,-133,274,10827,9937,4,,4
2,31833,-133,275,11627,9940,4,,4
2,31325,-134,258,11627,9940,4,,4
2,29143,-133,261,11627,9940,4,,4
2,96,-134,269,11627,9940,0,,0
2,31826,-134,269,11627,9940,4,,4
2,31087,-131,264,11627,9940,4,,4
2,31597,-133,275,11627,9940,4,,4
2,30340,-134,258,11627,9940,4,,4
2,31426,-129,276,11627,9940,4,,4
2,4946,-132,281,11627,9940,4,,4
2,30647,-134,258,9227,9106,4,,4
2,30505,-131,268,9227,9106,4,,4
2,30561,-131,264,9227,9106,4,,4
2,30234,-129,285,8827,8805,4,,4
2,31936,-133,275,9827,9709,4,,4
2,30918,-131,269,11427,9940,4,,4
2,98,-134,266,11427,9940,0,,0
2,31443,-131,268,11427,9940,4,,4
2,31204,-133,273,11427,9940,4,,4
2,29508,-133,261,9027,8995,4,,4
2,30593,-135,263,9027,8995,4,,4
2,30481,-135,263,9027,8995,4,,4
2,31888,-134,265,11227,9939,4,,4
2,29982,-134,263,11227,9939,4,,4
2,31084,-133,273,11227,9939,4,,4
2,98,-130,273,11227,9939,0,,0
2,30415,-132,266,8827,8804,4,,4
2,30492,-132,259,8827,8804,4,,4
2,96,-132,271,9627,9581,0,,0
2,41362,-132,266,10627,9937,4,,4
2,31538,-134,274,10627,9937,4,,4
2,31456,-133,268,10627,9937,4,,4
2,5812,-136,266,12027,9942,4,,4
2,29569,-134,268,12027,9942,4,,4
2,32076,-135,269,12027,9942,4,,4
2,30269,-133,265,12027,9942,4,,4
2,31521,-133,262,12027,9942,4,,4
2,29242,-134,269,12027,9942,4,,4
2,30855,-132,266,12027,9942,4,,4
2,30561,-131,268,9627,9581,4,,4
2,96,-131,265,9627,9581,0,,0
2,98,-132,281,9827,9777,0,,0
2,30870,-134,258,9827,9777,4,,4
2,96,-134,273,7524,6512,3,,3
2,96,-130,271,6024,5578,3,,3
2,97,-128,273,7524,6509,3,,3
2,97,-130,271,7524,6512,3,,3
2,97,-134,267,8024,6809,3,,3
2,97,-135,271,7024,6172,3,,3
2,96,-134,272,7024,6172,3,,3
2,97,-132,268,5524,5316,3,,3
2,97,-134,266,8024,6807,3,,3
2,98,-132,269,8024,6770,3,,3
2,97,-130,277,6024,5578,3,,3
2,97,-130,270,7024,6212,3,,3
2,96,-133,269,7024,6212,3,,3
2,97,-130,268,5524,5278,3,,3
2,98,-132,261,5524,5278,3,,3
2,97,-133,269,8024,6809,3,,3
2,96,-129,267,7524,6512,3,,3
2,96,-133,267,5524,5317,3,,3
2,97,-132,268,5034,5018,3,,3
2,96,-132,267,8024,6809,3,,3
2,97,-129,273,5034,5010,3,,3
2,98,-132,269,8024,6809,3,,3
2,97,-131,278,6024,5617,3,,3
2,96,-130,276,8024,6807,3,,3
2,96,-133,264,5524,5316,3,,3
2,96,-129,267,6524,5874,3,,3
2,97,-129,274,6024,5612,3,,3
2,97,-133,274,5524,5316,3,,3
2,96,-130,266,6024,5578,3,,3
2,98,-129,270,5524,5278,3,,3
2,97,-135,267,6024,5612,3,,3
2,97,-133,278,7024,6212,3,,3
2,96,-131,261,5524,5317,3,,3
2,97,-132,266,5524,5316,3,,3
2,97,-130,271,7024,6210,3,,3
2,97,-131,270,5524,5278,3,,3
2,97,-134,260,7524,6512,3,,3
2,96,-130,266,7024,6172,3,,3
2,97,-129,270,5034,5010,3,,3
2,97,-129,270,6524,5874,3,,3
2,96,-132,267,5034,5010,3,,3
2,97,-129,276,7524,6512,3,,3
2,98,-131,261,6024,5578,3,,3
2,96,-132,265,5034,5010,3,,3
2,97,-129,274,6524,5915,3,,3
2,96,-131,280,7024,6172,3,,3
2,98,-131,272,5524,5316,3,,3
2,98,-134,266,7024,6212,3,,3
2,97,-132,273,6524,5913,3,,3
2,97,-133,269,5524,5278,3,,3
2,98,-129,264,6024,5617,3,,3
2,98,-135,271,6524,5913,3,,3
2,97,-134,266,7024,6172,3,,3
2,96,-131,263,5524,5317,3,,3
2,97,-131,261,5524,5317,3,,3
2,97,-129,274,7524,6471,3,,3
2,98,-131,262,7524,6512,3,,3
2,97,-133,262,8024,6809,3,,3
2,98,-130,272,6524,5874,3,,3
2,97,-129,272,7024,6212,3,,3
2,97,-133,274,6024,5617,3,,3
2,97,-130,267,6524,5874,3,,3
2,97,-133,267,5524,5278,3,,3
2,96,-134,265,7524,6512,3,,3
2,97,-133,262,5524,5317,3,,3
2,97,-132,267,5034,5018,3,,3
2,97,-131,263,6524,5915,3,,3
2,98,-129,264,6024,5578,3,,3
2,96,-134,275,7524,6509,3,,3
2,97,-131,275,7524,6471,3,,3
2,96,-130,266,6524,5874,3,,3
2,96,-130,271,7524,6471,3,,3
2,97,-129,272,6524,5913,3,,3
2,96,-132,273,7024,6212,3,,3
2,96,-129,267,7524,6509,3,,3
2,97,-134,267,8024,6770,3,,3
2,97,-131,272,5524,5317,3,,3
2,97,-134,270,7024,6172,3,,3
2,97,-132,264,6024,5578,3,,3
2,97,-131,271,7024,6210,3,,3
2,96,-129,269,6024,5578,3,,3
2,97,-134,260,7524,6471,3,,3
2,96,-130,275,6024,5612,3,,3
2,97,-128,265,7524,6509,3,,3
2,97,-129,267,7524,6471,3,,3
2,96,-130,276,6524,5913,3,,3
2,96,-130,271,7524,6512,3,,3
2,97,-134,265,7524,6471,3,,3
2,97,-133,278,7524,6471,3,,3
2,97,-134,270,5034,5010,3,,3
2,96,-134,260,7524,6509,3,,3
2,97,-130,275,6524,5915,3,,3
2,98,-129,270,5034,5010,3,,3
2,97,-129,273,5524,5278,3,,3
2,97,-132,267,5524,5278,3,,3
2,96,-134,265,8024,6809,3,,3
2,97,-129,270,6524,5913,3,,3
2,97,-133,267,8024,6809,3,,3
2,98,-129,267,7524,6512,3,,3
2,97,-130,266,6024,5578,3,,3
2,96,-133,262,8024,6809,3,,3
2,97,-133,267,5034,5018,3,,3
2,96,-133,264,5524,5278,3,,3
2,97,-133,267,6524,5913,3,,3
2,98,-131,273,6524,5874,3,,3
2,96,-132,265,5034,5018,3,,3
2,97,-131,263,5524,5317,3,,3
2,98,-130,277,6024,5612,3,,3
2,96,-129,274,5524,5317,3,,3
2,98,-131,276,7024,6212,3,,3
2,97,-129,270,6024,5612,3,,3
2,97,-134,269,6524,5874,3,,3
2,97,-129,267,6524,5874,3,,3
2,96,-129,276,7524,6471,3,,3
2,97,-133,259,8024,6770,3,,3
2,97,-129,269,6524,5913,3,,3
2,96,-129,264,6024,5617,3,,3
2,96,-134,264,6024,5617,3,,3
2,98,-134,265,7524,6509,3,,3
2,96,-133,269,7524,6512,3,,3
2,97,-132,269,8024,6770,3,,3
2,97,-134,270,5034,5018,3,,3
2,98,-134,273,7524,6512,3,,3
2,96,-133,267,5034,5010,3,,3
2,97,-132,265,5034,5010,3,,3
2,97,-132,266,6024,5612,3,,3
2,97,-130,271,7524,6471,3,,3
2,97,-131,263,5524,5278,3,,3
2,97,-132,266,6024,5578,3,,3
2,96,-132,269,5524,5317,3,,3
2,97,-132,267,5034,5010,3,,3
2,96,-129,269,5524,5316,3,,3
2,97,-131,272,8024,6770,3,,3
2,96,-134,263,6524,5913,3,,3
2,96,-130,266,6024,5617,3,,3
2,97,-131,271,7024,6212,3,,3
2,98,-131,262,7524,6509,3,,3
2,96,-129,265,6524,5915,3,,3
2,97,-130,270,7024,6172,3,,3
2,98,-128,265,8024,6770,3,,3
2,97,-128,273,7024,6212,3,,3
2,97,-131,270,5034,5018,3,,3
2,97,-131,269,5034,5018,3,,3
2,97,-129,273,6024,5578,3,,3
2,97,-131,263,5524,5316,3,,3
2,97,-129,266,7024,6172,3,,3
2,97,-134,270,5524,5317,3,,3
2,97,-134,265,7024,6212,3,,3
2,96,-131,263,6024,5578,3,,3
2,98,-130,266,5524,5316,3,,3
2,96,-135,271,7024,6172,3,,3
2,97,-129,273,5524,5316,3,,3
2,96,-130,269,6024,5617,3,,3
2,96,-129,274,7024,6210,3,,3
2,96,-130,271,6024,5612,3,,3
2,97,-129,274,6024,5578,3,,3
2,96,-129,269,7024,6210,3,,3
2,96,-131,275,8024,6770,3,,3
2,97,-131,273,6024,5612,3,,3
2,97,-131,272,5524,5316,3,,3
2,96,-131,272,6024,5617,3,,3
2,96,-129,272,7024,6210,3,,3
2,96,-130,269,5524,5317,3,,3
2,97,-132,261,5034,5018,3,,3
2,97,-133,269,7524,6512,3,,3
2,97,-129,273,5524,5317,3,,3
2,97,-132,269,5524,5317,3,,3
2,97,-131,261,5524,5278,3,,3
2,97,-130,264,6524,5874,3,,3
2,96,-133,267,5524,5278,3,,3
2,97,-135,267,8024,6809,3,,3
2,96,-134,273,7524,6471,3,,3
2,97,-131,276,7524,6512,3,,3
2,96,-129,272,7024,6212,3,,3
2,97,-131,271,7524,6471,3,,3
2,96,-129,270,6524,5874,3,,3
2,98,-133,267,5034,5010,3,,3
2,96,-134,266,8024,6770,3,,3
2,98,-131,269,7524,6509,3,,3
2,96,-129,269,7524,6509,3,,3
2,96,-133,267,5034,5018,3,,3
2,98,-129,272,6024,5612,3,,3
2,97,-129,269,7024,6212,3,,3
2,97,-129,265,6024,5617,3,,3
2,96,-131,268,6024,5617,3,,3
2,96,-134,270,6524,5915,3,,3
2,98,-134,273,7524,6509,3,,3
2,98,-131,262,7524,6471,3,,3
2,97,-132,273,7024,6212,3,,3
2,96,-131,276,7024,6172,3,,3
2,98,-134,261,5524,5317,3,,3
2,98,-135,267,5034,5010,3,,3
2,96,-134,267,7524,6509,3,,3
2,97,-135,271,6524,5913,3,,3
2,98,-132,261,5034,5018,3,,3
2,97,-130,267,6024,5617,3,,3
2,97,-133,262,8024,6807,3,,3
2,96,-132,270,6524,5913,3,,3
2,97,-129,267,6524,5913,3,,3
2,96,-130,272,5524,5316,3,,3
2,97,-130,266,7524,6471,3,,3
2,96,-130,270,7024,6210,3,,3
2,97,-134,264,6024,5578,3,,3
2,97,-132,270,5524,5317,3,,3
2,98,-130,273,5034,5010,3,,3
2,97,-134,261,5524,5278,3,,3
2,97,-131,269,7524,6512,3,,3
2,97,-132,268,5524,5278,3,,3
2,97,-131,275,7524,6509,3,,3
2,97,-131,268,5524,5316,3,,3
2,98,-128,269,7024,6210,3,,3
2,98,-128,273,7524,6509,3,,3
2,97,-129,274,7024,6210,3,,3
2,96,-130,275,6524,5915,3,,3
2,96,-134,270,7024,6172,3,,3
2,97,-134,267,7524,6512,3,,3
2,97,-130,271,7024,6212,3,,3
2,97,-133,269,7024,6210,3,,3
2,97,-131,277,8024,6809,3,,3
2,97,-133,274,6024,5612,3,,3
2,96,-132,265,5524,5278,3,,3
2,98,-129,270,6524,5874,3,,3
2,97,-132,261,5524,5317,3,,3
2,97,-129,269,7024,6210,3,,3
2,97,-135,272,5524,5317,3,,3
2,97,-134,269,6524,5915,3,,3
2,97,-131,272,8024,6807,3,,3
2,98,-130,272,6024,5617,3,,3
2,96,-134,267,8024,6770,3,,3
2,97,-130,267,6024,5612,3,,3
2,97,-134,260,7024,6210,3,,3
2,97,-131,272,5034,5010,3,,3
2,97,-131,278,6524,5874,3,,3
2,98,-129,269,5524,5316,3,,3
2,96,-129,264,6024,5578,3,,3
2,97,-130,275,6524,5874,3,,3
2,98,-131,278,6024,5617,3,,3
2,97,-131,269,5034,5010,3,,3
2,97,-134,265,7524,6509,3,,3
2,97,-131,272,6024,5617,3,,3
2,98,-130,273,5034,5018,3,,3
2,97,-129,269,5524,5317,3,,3
2,97,-130,266,7024,6172,3,,3
2,96,-129,272,7024,6172,3,,3
2,97,-131,261,5524,5316,3,,3
2,97,-132,269,7524,6509,3,,3
2,97,-132,261,5524,5278,3,,3
2,97,-129,269,5524,5316,3,,3
2,98,-132,265,5034,5018,3,,3
2,98,-129,272,6524,5915,3,,3
2,97,-132,269,5034,5018,3,,3
2,97,-134,265,8024,6770,3,,3
2,96,-129,267,7524,6471,3,,3
2,96,-129,264,5524,5316,3,,3
2,97,-131,277,5034,5018,3,,3
2,96,-131,270,7524,6471,3,,3
2,97,-130,272,6024,5612,3,,3
2,98,-129,274,7024,6212,3,,3
2,97,-131,274,6024,5578,3,,3
2,97,-133,269,7524,6509,3,,3
2,97,-128,273,7524,6471,3,,3
2,97,-131,262,7024,6210,3,,3
2,98,-131,269,8024,6809,3,,3
2,97,-134,272,7024,6212,3,,3
2,97,-129,267,6524,5915,3,,3
2,96,-134,266,5034,5010,3,,3
2,98,-133,278,7024,6212,3,,3
2,98,-133,262,8024,6770,3,,3
2,97,-131,276,8024,6770,3,,3
2,97,-129,269,7524,6471,3,,3
2,97,-133,272,7024,6212,3,,3
2,97,-133,270,7524,6512,3,,3
2,97,-129,266,6524,5915,3,,3
2,96,-131,272,6024,5612,3,,3
2,97,-134,265,8024,6809,3,,3
2,96,-130,269,5524,5278,3,,3
2,97,-128,269,7024,6210,3,,3
2,96,-132,271,8024,6809,3,,3
2,97,-129,269,7024,6172,3,,3
2,97,-134,275,7524,6509,3,,3
2,96,-131,270,7524,6509,3,,3
2,97,-132,268,5524,5317,3,,3
2,97,-132,269,6024,5617,3,,3
2,97,-135,272,5034,5018,3,,3
2,97,-130,262,6524,5915,3,,3
2,97,-134,270,6524,5913,3,,3
2,97,-131,272,6024,5578,3,,3
2,97,-129,274,6524,5874,3,,3
2,97,-130,271,7024,6172,3,,3
2,97,-130,276,6524,5915,3,,3
2,98,-130,269,5524,5317,3,,3
2,97,-129,266,6524,5913,3,,3
2,97,-133,267,5524,5316,3,,3
2,96,-130,272,6024,5617,3,,3
2,97,-131,267,7024,6172,3,,3
2,97,-128,283,8024,6770,3,,3
2,97,-134,272,7024,6210,3,,3
2,97,-132,269,5524,5278,3,,3
2,98,-131,275,7524,6512,3,,3
2,96,-135,272,5524,5278,3,,3
2,96,-130,273,5034,5018,3,,3
2,98,-130,270,7024,6212,3,,3
2,97,-129,270,6524,5915,3,,3
2,96,-129,272,6524,5915,3,,3
2,98,-129,271,7024,6172,3,,3
2,97,-132,264,5524,5316,3,,3
2,96,-129,265,6024,5612,3,,3
2,97,-130,276,8024,6809,3,,3
2,97,-129,276,7524,6509,3,,3
2,97,-131,270,7024,6210,3,,3
2,96,-132,268,5524,5278,3,,3
2,97,-130,276,6524,5913,3,,3
2,97,-129,274,7024,6172,3,,3
2,96,-133,262,7524,6512,3,,3
2,97,-135,267,6524,5915,3,,3
2,97,-131,274,5524,5317,3,,3
2,96,-134,267,8024,6809,3,,3
2,98,-130,266,7024,6212,3,,3
2,97,-129,272,7524,6471,3,,3
2,96,-134,265,7024,6210,3,,3
2,97,-132,271,8024,6770,3,,3
2,96,-132,261,5524,5278,3,,3
2,96,-129,274,6524,5913,3,,3
2,97,-130,269,6024,5612,3,,3
2,97,-135,267,8024,6770,3,,3
2,96,-134,266,7024,6210,3,,3
2,97,-128,269,7524,6471,3,,3
2,97,-129,276,7524,6471,3,,3
2,97,-130,266,7024,6212,3,,3
2,97,-131,276,7024,6172,3,,3
2,96,-130,271,6024,5617,3,,3
2,96,-129,274,6524,5915,3,,3
2,97,-129,272,6524,5874,3,,3
2,97,-132,267,8024,6770,3,,3
2,96,-134,261,5524,5278,3,,3
2,96,-132,269,7524,6512,3,,3
2,98,-130,276,8024,6809,3,,3
2,96,-131,275,7524,6512,3,,3
2,97,-131,263,6524,5874,3,,3
2,97,-131,263,5034,5018,3,,3
2,97,-130,268,5524,5316,3,,3
2,98,-129,267,6524,5874,3,,3
2,96,-128,283,8024,6809,3,,3
2,98,-130,275,6524,5874,3,,3
2,96,-134,273,7024,6210,3,,3
2,96,-131,269,8024,6770,3,,3
2,97,-129,271,6524,5913,3,,3
2,97,-131,269,8024,6809,3,,3
2,96,-134,261,8024,6809,3,,3
2,97,-130,277,6024,5617,3,,3
2,97,-130,271,7524,6509,3,,3
2,97,-130,272,6524,5915,3,,3
2,96,-132,271,7524,6509,3,,3
2,96,-129,266,6524,5874,3,,3
2,97,-134,261,5524,5316,3,,3
2,97,-130,277,6524,5874,3,,3
2,97,-132,266,6024,5617,3,,3
2,96,-129,274,6524,5874,3,,3
2,98,-133,262,5034,5018,3,,3
2,97,-129,274,5524,5278,3,,3
2,98,-129,269,7024,6212,3,,3
2,96,-130,268,5524,5317,3,,3
2,97,-130,266,6524,5874,3,,3
2,98,-130,271,6024,5617,3,,3
2,98,-134,272,7024,6212,3,,3
2,97,-129,269,6024,5578,3,,3
2,97,-135,267,6024,5617,3,,3
2,96,-131,278,6024,5612,3,,3
2,97,-131,277,5034,5010,3,,3
2,96,-131,272,6024,5578,3,,3
2,97,-131,276,7524,6509,3,,3
2,97,-132,271,7524,6512,3,,3
2,96,-133,272,7524,6471,3,,3
2,98,-131,273,6024,5617,3,,3
2,97,-128,273,7024,6210,3,,3
2,97,-134,275,8024,6770,3,,3
2,97,-130,270,6524,5913,3,,3
2,97,-133,269,5034,5018,3,,3
2,97,-133,267,8024,6770,3,,3
2,97,-129,273,5034,5018,3,,3
2,97,-129,274,6024,5617,3,,3
2,97,-134,270,7024,6212,3,,3
2,96,-130,276,5034,5010,3,,3
2,96,-133,269,5034,5010,3,,3
2,96,-128,265,8024,6770,3,,3
2,96,-129,273,5524,5278,3,,3
2,96,-131,271,7024,6172,3,,3
2,96,-135,272,5524,5317,3,,3
2,96,-130,277,6024,5617,3,,3
2,96,-131,275,7524,6509,3,,3
2,98,-131,272,7524,6512,3,,3
2,96,-131,280,6524,5913,3,,3
2,98,-129,269,5524,5278,3,,3
2,96,-134,264,6024,5578,3,,3
2,96,-131,272,5034,5010,3,,3
2,97,-133,262,5034,5018,3,,3
2,97,-131,270,5034,5010,3,,3
2,97,-131,275,7524,6512,3,,3
2,96,-130,266,5524,5317,3,,3
2,97,-134,265,7024,6172,3,,3
2,97,-131,267,6524,5874,3,,3
2,98,-130,269,6024,5612,3,,3
2,96,-130,262,6524,5913,3,,3
2,97,-133,269,5034,5010,3,,3
2,97,-132,267,5524,5317,3,,3
2,97,-131,268,6024,5617,3,,3
2,97,-134,275,7524,6512,3,,3
2,97,-130,266,6524,5915,3,,3
2,97,-128,265,7524,6512,3,,3
2,96,-129,272,6524,5874,3,,3
2,97,-129,265,6024,5612,3,,3
2,97,-130,273,5524,5278,3,,3
2,96,-129,273,5034,5010,3,,3
2,98,-129,274,6524,5874,3,,3
2,98,-131,276,6524,5913,3,,3
2,98,-132,267,5034,5018,3,,3
2,98,-129,274,5524,5278,3,,3
2,96,-131,272,7524,6512,3,,3
2,96,-130,269,6524,5874,3,,3
2,96,-131,267,7024,6172,3,,3
2,97,-129,264,6024,5617,3,,3
2,97,-134,264,6024,5617,3,,3
2,97,-131,263,6024,5612,3,,3
2,97,-129,270,5524,5278,3,,3
2,98,-132,269,5524,5278,3,,3
2,98,-134,266,7024,6210,3,,3
2,96,-130,266,7524,6471,3,,3
2,97,-129,264,6024,5612,3,,3
2,96,-131,263,5524,5316,3,,3
2,97,-134,273,7524,6471,3,,3
2,96,-133,269,5034,5018,3,,3
2,97,-131,272,8024,6809,3,,3
2,96,-134,261,5034,5010,3,,3
2,96,-133,259,8024,6809,3,,3
2,96,-129,272,7524,6471,3,,3
2,98,-130,266,6524,5874,3,,3
2,98,-133,264,5524,5317,3,,3
2,98,-130,270,7024,6172,3,,3
2,96,-128,265,7524,6512,3,,3
2,96,-133,264,5524,5317,3,,3
2,96,-134,265,7524,6471,3,,3
2,97,-128,283,7524,6512,3,,3
2,97,-133,267,6524,5915,3,,3
2,97,-131,280,7024,6172,3,,3
2,97,-130,271,6024,5578,3,,3
2,98,-133,278,7024,6210,3,,3
2,97,-130,276,7024,6172,3,,3
2,97,-131,273,6024,5617,3,,3
2,97,-131,272,6024,5612,3,,3
2,97,-134,265,7024,6210,3,,3
2,97,-130,262,7024,6172,3,,3
2,98,-131,270,5524,5278,3,,3
2,97,-130,266,7024,6210,3,,3
2,97,-129,274,5524,5316,3,,3
2,97,-129,270,6024,5617,3,,3
2,96,-131,271,7524,6471,3,,3
2,97,-130,270,6524,5915,3,,3
2,96,-133,272,7524,6509,3,,3
2,96,-129,269,7524,6471,3,,3
2,97,-132,269,7524,6512,3,,3
2,97,-131,278,6024,5612,3,,3
2,96,-134,261,5034,5018,3,,3
2,97,-132,269,8024,6809,3,,3
2,96,-133,259,7524,6512,3,,3
2,97,-133,267,7024,6212,3,,3
2,97,-134,266,7024,6212,3,,3
2,96,-128,269,7524,6509,3,,3
2,98,-129,273,5524,5278,3,,3
2,97,-130,266,5524,5316,3,,3
2,97,-129,264,5524,5316,3,,3
2,96,-131,269,5034,5018,3,,3
2,98,-131,263,5524,5317,3,,3
2,96,-134,261,5524,5316,3,,3
2,97,-128,283,8024,6809,3,,3
2,96,-129,266,7024,6172,3,,3
2,96,-134,261,6024,5578,3,,3
2,98,-134,264,6024,5578,3,,3
2,97,-131,267,6524,5915,3,,3
2,97,-129,274,7024,6212,3,,3
2,96,-132,271,7524,6471,3,,3
2,97,-129,272,6524,5915,3,,3
2,96,-130,266,6524,5915,3,,3
2,97,-133,272,7024,6210,3,,3
2,97,-131,268,5524,5317,3,,3
2,97,-131,276,6524,5913,3,,3
2,98,-133,272,7524,6509,3,,3
2,97,-133,264,5034,5018,3,,3
2,96,-129,270,5034,5010,3,,3
2,97,-131,277,8024,6770,3,,3
2,96,-130,266,5524,5316,3,,3
2,98,-134,261,5034,5018,3,,3
2,97,-130,266,5524,5317,3,,3
2,96,-133,267,7024,6172,3,,3
2,98,-132,261,5524,5317,3,,3
2,96,-131,267,6524,5915,3,,3
2,97,-131,273,6524,5874,3,,3
2,97,-132,273,7024,6172,3,,3
2,97,-133,267,7024,6172,3,,3
2,96,-131,263,5034,5018,3,,3
2,98,-130,277,6024,5617,3,,3
2,97,-133,262,8024,6770,3,,3
2,96,-130,276,8024,6770,3,,3
2,98,-129,267,7524,6471,3,,3
2,97,-133,272,7524,6509,3,,3
2,96,-129,272,6524,5913,3,,3
2,97,-135,271,7024,6212,3,,3
2,98,-131,263,6024,5578,3,,3
2,97,-129,272,7024,6172,3,,3
2,97,-132,269,5524,5316,3,,3
2,97,-132,269,6024,5578,3,,3
2,96,-129,270,8024,6807,3,,3
2,97,-131,270,8024,6807,3,,3
2,97,-133,278,7024,6210,3,,3
2,97,-129,272,7524,6509,3,,3
2,97,-131,274,5524,5316,3,,3
2,97,-129,267,7024,6210,3,,3
2,96,-134,272,7524,6471,3,,3
2,97,-129,272,6024,5612,3,,3
2,98,-134,261,5524,5316,3,,3
2,96,-134,269,6524,5915,3,,3
2,97,-134,261,5524,5317,3,,3
2,98,-129,272,7024,6172,3,,3
2,97,-131,272,7524,6512,3,,3
2,98,-132,266,5524,5316,3,,3
2,96,-130,269,6024,5612,3,,3
2,97,-134,261,8024,6809,3,,3
2,97,-134,265,7524,6512,3,,3
2,96,-130,276,8024,6809,3,,3
2,96,-129,270,6524,5915,3,,3
2,97,-130,269,6524,5915,3,,3
2,96,-131,271,7024,6210,3,,3
2,97,-132,267,8024,6809,3,,3
2,97,-133,267,8024,6807,3,,3
2,98,-131,270,7524,6471,3,,3
2,97,-130,276,8024,6770,3,,3
2,97,-129,267,6024,5612,3,,3
2,97,-134,273,7524,6509,3,,3
2,96,-131,277,8024,6809,3,,3
2,96,-129,274,6024,5617,3,,3
2,97,-131,276,6524,5915,3,,3
2,97,-130,272,5524,5316,3,,3
2,97,-134,266,5034,5010,3,,3
2,98,-133,268,5524,5316,3,,3
2,96,-134,265,7024,6212,3,,3
2,98,-134,269,6524,5913,3,,3
2,97,-130,276,5034,5010,3,,3
2,96,-131,272,8024,6770,3,,3
2,98,-130,273,8024,6807,3,,3
2,97,-133,269,8024,6770,3,,3
2,98,-129,272,7524,6471,3,,3
2,96,-131,276,8024,6770,3,,3
2,97,-135,267,5034,5010,3,,3
2,96,-132,271,8024,6770,3,,3
2,96,-131,276,6524,5913,3,,3
2,98,-131,263,6524,5915,3,,3
2,98,-129,270,8024,6809,3,,3
2,96,-131,267,6524,5913,3,,3
2,96,-129,270,5034,5018,3,,3
2,97,-130,269,5524,5317,3,,3
2,97,-130,262,6524,5913,3,,3
2,97,-131,262,7524,6512,3,,3
2,98,-134,260,7524,6509,3,,3
2,96,-131,274,6024,5578,3,,3
2,97,-134,267,7524,6509,3,,3
2,97,-129,270,8024,6809,3,,3
2,97,-130,269,6524,5874,3,,3
2,96,-132,264,6024,5578,3,,3
2,97,-133,264,5524,5278,3,,3
2,96,-131,277,8024,6770,3,,3
2,97,-130,266,6024,5617,3,,3
2,97,-129,269,7524,6509,3,,3
2,96,-134,265,7524,6509,3,,3
2,96,-130,276,6524,5874,3,,3
2,96,-134,270,5034,5010,3,,3
2,96,-131,269,7524,6509,3,,3
2,97,-133,262,5034,5010,3,,3
2,97,-130,272,6024,5578,3,,3
2,96,-131,272,5524,5316,3,,3
2,96,-129,272,7524,6512,3,,3
2,97,-130,266,6524,5913,3,,3
2,97,-130,273,5034,5018,3,,3
2,97,-132,271,7524,6509,3,,3
2,98,-134,265,7524,6512,3,,3
2,96,-131,272,8024,6809,3,,3
2,97,-129,271,6524,5915,3,,3
2,96,-132,269,5034,5010,3,,3
2,97,-130,271,6024,5617,3,,3
2,98,-131,263,5524,5278,3,,3
2,97,-132,261,5034,5010,3,,3
2,96,-129,274,7024,6212,3,,3
2,96,-134,270,5034,5018,3,,3
2,98,-134,267,8024,6770,3,,3
2,96,-129,271,6524,5915,3,,3
2,97,-134,264,6024,5612,3,,3
2,96,-131,269,7524,6512,3,,3
2,97,-130,268,6024,5617,3,,3
2,97,-133,274,6024,5578,3,,3
2,98,-130,266,7524,6471,3,,3
2,97,-134,265,5524,5278,3,,3
2,96,-132,269,5034,5018,3,,3
2,96,-129,270,6024,5612,3,,3
2,98,-133,262,5524,5278,3,,3
2,97,-130,271,6524,5874,3,,3
2,96,-132,271,7524,6512,3,,3
2,97,-134,266,7024,6210,3,,3
2,96,-131,263,6524,5913,3,,3
2,96,-129,273,5524,5317,3,,3
2,97,-130,273,5034,5010,3,,3
2,97,-133,272,7524,6512,3,,3
2,97,-131,269,8024,6770,3,,3
2,97,-131,263,6524,5913,3,,3
2,98,-129,265,6024,5612,3,,3
2,96,-131,273,6024,5612,3,,3
2,96,-135,267,5034,5010,3,,3
2,96,-131,278,6024,5578,3,,3
2,97,-134,265,5034,5018,3,,3
2,96,-129,271,6524,5913,3,,3
2,97,-133,262,5524,5278,3,,3
2,96,-133,272,7024,6210,3,,3
2,97,-131,267,6524,5913,3,,3
2,96,-134,275,7524,6471,3,,3
2,96,-134,269,6524,5874,3,,3
2,96,-133,278,7024,6210,3,,3
2,97,-131,280,6524,5913,3,,3
2,97,-131,270,7524,6471,3,,3
2,97,-132,269,5034,5010,3,,3
2,98,-130,272,6524,5915,3,,3
2,96,-131,272,5524,5317,3,,3
2,96,-130,272,6024,5612,3,,3
2,96,-130,275,6524,5874,3,,3
2,96,-134,265,5034,5010,3,,3
2,97,-134,272,7024,6172,3,,3
2,96,-128,273,7024,6212,3,,3
2,98,-131,270,5034,5018,3,,3
2,97,-129,272,7024,6210,3,,3
2,98,-130,267,6024,5578,3,,3
2,96,-129,265,6524,5874,3,,3
2,97,-129,271,7024,6172,3,,3
2,96,-131,274,5524,5317,3,,3
2,96,-132,269,6024,5578,3,,3
2,96,-131,270,7024,6212,3,,3
2,96,-129,274,6024,5578,3,,3
2,97,-131,276,7024,6212,3,,3
2,97,-131,280,7024,6212,3,,3
2,97,-134,266,8024,6809,3,,3
2,96,-134,266,8024,6809,3,,3
2,97,-134,261,6024,5578,3,,3
2,97,-130,271,6524,5913,3,,3
2,97,-130,269,5524,5316,3,,3
2,96,-132,264,6024,5617,3,,3
2,96,-132,264,5524,5316,3,,3
2,96,-132,261,5034,5010,3,,3
2,97,-131,275,8024,6770,3,,3
2,96,-134,272,7024,6210,3,,3
2,98,-135,271,6524,5915,3,,3
2,97,-134,269,6524,5913,3,,3
2,97,-129,265,6524,5915,3,,3
2,98,-131,269,5034,5010,3,,3
2,96,-131,268,5524,5316,3,,3
2,98,-132,268,5524,5316,3,,3
2,97,-130,266,6024,5612,3,,3
2,96,-130,273,5524,5278,3,,3
2,98,-130,266,6024,5578,3,,3
2,98,-128,269,7024,6212,3,,3
2,98,-131,272,6024,5612,3,,3
2,97,-134,270,5524,5278,3,,3
2,97,-131,265,6524,5915,3,,3
2,97,-133,269,7024,6212,3,,3
2,97,-129,267,7524,6509,3,,3
2,98,-132,264,6024,5617,3,,3
2,98,-131,278,6024,5578,3,,3
2,98,-130,270,6524,5915,3,,3
2,97,-133,267,5524,5317,3,,3
2,98,-135,267,6524,5874,3,,3
2,96,-130,270,6524,5913,3,,3
2,97,-129,270,5034,5018,3,,3
2,97,-131,273,6524,5915,3,,3
2,98,-130,273,8024,6809,3,,3
2,98,-129,276,7524,6512,3,,3
2,98,-132,267,5034,5010,3,,3
2,96,-130,269,5524,5316,3,,3
2,96,-130,270,7024,6212,3,,3
2,97,-128,269,7524,6509,3,,3
2,97,-131,268,6024,5578,3,,3
2,96,-130,267,6024,5617,3,,3
2,96,-128,273,7524,6471,3,,3
2,97,-130,275,6024,5612,3,,3
2,97,-135,267,6524,5874,3,,3
2,96,-132,269,5524,5316,3,,3
2,96,-129,269,5524,5317,3,,3
2,96,-129,264,6024,5612,3,,3
2,96,-133,269,7524,6471,3,,3
2,98,-133,267,5524,5317,3,,3
2,97,-133,264,5524,5317,3,,3
2,96,-134,270,5524,5278,3,,3
2,96,-132,269,8024,6770,3,,3
2,96,-130,270,6524,5915,3,,3
2,98,-131,276,7524,6512,3,,3
2,96,-132,269,7524,6509,3,,3
2,98,-131,276,7524,6509,3,,3
2,96,-133,262,8024,6770,3,,3
2,96,-133,267,6524,5915,3,,3
2,97,-134,273,7024,6210,3,,3
2,96,-135,267,8024,6770,3,,3
2,97,-133,259,7524,6509,3,,3
2,97,-130,269,5034,5018,3,,3
2,97,-134,270,6524,5915,3,,3
2,97,-131,262,7524,6471,3,,3
2,96,-131,270,5034,5010,3,,3
2,98,-133,272,7024,6210,3,,3
2,97,-129,271,6524,5874,3,,3
2,97,-135,269,6024,5617,3,,3
2,97,-129,274,6524,5913,3,,3
2,96,-129,272,7524,6509,3,,3
2,98,-133,272,7524,6471,3,,3
2,96,-130,272,6024,5578,3,,3
2,97,-133,272,7524,6471,3,,3
2,97,-128,265,8024,6770,3,,3
2,96,-130,271,7024,6212,3,,3
2,98,-134,261,5034,5010,3,,3
2,96,-129,271,6524,5874,3,,3
2,97,-130,272,6524,5874,3,,3
2,98,-135,267,8024,6807,3,,3
2,98,-133,269,5034,5018,3,,3
2,97,-130,269,5524,5278,3,,3
2,97,-131,270,7524,6509,3,,3
2,96,-130,266,7024,6212,3,,3
2,96,-135,271,6524,5913,3,,3
2,96,-132,266,5524,5316,3,,3
2,98,-128,269,7524,6509,3,,3
2,96,-134,264,6024,5612,3,,3
2,97,-134,261,5034,5010,3,,3
2,96,-131,268,5524,5317,3,,3
2,98,-132,273,6524,5913,3,,3
2,97,-135,267,7524,6512,3,,3
2,98,-132,273,7024,6172,3,,3
2,97,-134,266,8024,6770,3,,3
2,97,-132,273,7024,6210,3,,3
2,97,-129,273,8024,6809,3,,3
2,96,-131,269,5034,5010,3,,3
2,96,-133,274,6024,5612,3,,3
2,97,-134,271,7524,6512,3,,3
2,96,-129,267,6524,5915,3,,3
2,97,-128,283,8024,6807,3,,3
2,98,-129,269,7024,6210,3,,3
2,96,-135,267,6524,5874,3,,3
2,96,-130,277,6524,5874,3,,3
2,96,-130,262,6524,5915,3,,3
2,98,-129,272,6524,5874,3,,3
2,98,-134,264,5524,5316,3,,3
2,97,-129,274,5524,5317,3,,3
2,98,-131,274,5524,5316,3,,3
2,96,-131,269,8024,6809,3,,3
2,96,-129,270,8024,6809,3,,3
2,98,-131,280,7024,6172,3,,3
2,97,-128,265,8024,6809,3,,3
2,96,-130,262,7024,6172,3,,3
2,98,-134,269,6024,5612,3,,3
2,97,-129,267,7524,6512,3,,3
2,98,-129,269,6524,5913,3,,3
2,97,-131,269,8024,6807,3,,3
2,96,-134,265,7024,6172,3,,3
2,97,-130,267,6024,5578,3,,3
2,97,-133,269,8024,6807,3,,3
2,97,-131,269,7524,6471,3,,3
2,96,-131,280,7024,6212,3,,3
2,96,-134,260,7524,6471,3,,3
2,96,-129,265,6024,5617,3,,3
2,98,-135,267,8024,6809,3,,3
2,98,-130,276,6524,5915,3,,3
2,98,-133,259,7524,6512,3,,3
2,97,-130,262,6524,5874,3,,3
2,96,-131,278,6024,5617,3,,3
2,97,-133,262,7524,6512,3,,3
2,97,-130,276,6524,5874,3,,3
2,96,-131,269,7524,6471,3,,3
2,97,-130,272,6024,5617,3,,3
2,96,-134,269,6524,5913,3,,3
2,96,-131,276,7524,6471,3,,3
2,98,-130,271,6024,5578,3,,3
2,98,-134,265,5034,5010,3,,3
2,97,-130,271,6024,5612,3,,3
2,96,-131,261,6024,5578,3,,3
2,96,-130,267,6024,5612,3,,3
2,96,-131,270,7024,6210,3,,3
2,96,-131,278,6524,5874,3,,3
2,96,-131,263,6524,5915,3,,3
2,98,-130,271,7524,6471,3,,3
2,98,-132,269,5034,5018,3,,3
2,96,-135,267,6024,5612,3,,3
2,98,-129,270,6024,5617,3,,3
2,96,-132,273,7024,6210,3,,3
2,96,-133,269,8024,6770,3,,3
2,96,-131,263,6524,5874,3,,3
2,96,-129,266,6524,5915,3,,3
2,97,-131,278,6024,5578,3,,3
2,97,-130,268,5524,5317,3,,3
2,98,-131,273,6024,5612,3,,3
2,97,-135,272,5524,5278,3,,3
2,97,-130,278,6524,5874,3,,3
2,97,-132,264,5524,5317,3,,3
2,96,-131,270,5034,5018,3,,3
2,96,-135,267,6524,5915,3,,3
2,98,-130,270,6524,5913,3,,3
2,96,-132,266,6024,5617,3,,3
2,98,-130,268,5524,5316,3,,3
2,98,-129,274,6024,5578,3,,3
2,97,-131,269,7024,6210,3,,3
2,97,-130,275,6524,5913,3,,3
2,96,-134,266,7024,6172,3,,3
2,98,-133,267,5034,5018,3,,3
2,97,-129,265,6524,5874,3,,3
2,97,-133,267,5034,5010,3,,3
2,98,-134,270,5524,5278,3,,3
2,97,-133,264,5524,5316,3,,3
2,96,-130,270,7024,6172,3,,3
2,96,-130,271,7524,6509,3,,3
2,97,-133,269,7524,6471,3,,3
2,98,-134,267,7524,6512,3,,3
2,96,-134,260,7524,6512,3,,3
2,96,-130,268,5034,5018,3,,3
2,97,-135,271,6524,5915,3,,3
2,96,-133,269,5524,5317,3,,3
